Workbook

Sheet Student Calendar
A1: Monday | B1: Tuesday | C1: Wednesday | D1: Thursday | E1: Friday
A2: ='Teacher Calendar'!D2 -> 46265 | B2: ='Teacher Calendar'!E2 -> 46266 | C2: ='Teacher Calendar'!F2 -> 46267 | D2: ='Teacher Calendar'!G2 -> 46268 | E2: ='Teacher Calendar'!H2 -> 46269
A3: ='Teacher Calendar'!D3 -> 0.1 Get Acquainted | B3: ='Teacher Calendar'!E3 -> 0.1 Get Acquainted | C3: ='Teacher Calendar'!F3 -> 0.1 Get Acquainted | D3: ='Teacher Calendar'!G3 -> House Keeping | E3: ='Teacher Calendar'!H3
A4: ='Teacher Calendar'!D4 -> Warm Up | B4: ='Teacher Calendar'!E4 -> Warm Up | C4: ='Teacher Calendar'!F4 -> Warm Up | D4: ='Teacher Calendar'!G4 -> Warm Up | E4: ='Teacher Calendar'!H4 -> Labor Day
A5: ='Teacher Calendar'!D5 -> Notes | B5: ='Teacher Calendar'!E5 -> Investigation | C5: ='Teacher Calendar'!F5 -> Investigation | D5: ='Teacher Calendar'!G5 -> Activity | E5: ='Teacher Calendar'!H5
A6: ='Teacher Calendar'!D6 -> Practice Set | B6: ='Teacher Calendar'!E6 -> Practice Set | C6: ='Teacher Calendar'!F6 -> Activity | D6: ='Teacher Calendar'!G6 -> Return Portfolio | E6: ='Teacher Calendar'!H6
A7: ='Teacher Calendar'!D7 | B7: ='Teacher Calendar'!E7 -> Extra Practice | C7: ='Teacher Calendar'!F7 -> Practice Set | D7: ='Teacher Calendar'!G7 -> Overview | E7: ='Teacher Calendar'!H7
A8: ='Teacher Calendar'!D8 | B8: ='Teacher Calendar'!E8 | C8: ='Teacher Calendar'!F8 -> Extra Practice | D8: ='Teacher Calendar'!G8 -> Survey | E8: ='Teacher Calendar'!H8
A9: ='Teacher Calendar'!D9 | B9: ='Teacher Calendar'!E9 | C9: ='Teacher Calendar'!F9 | D9: ='Teacher Calendar'!G9 | E9: ='Teacher Calendar'!H9
A11: ='Teacher Calendar'!D15 -> 46265 | B11: ='Teacher Calendar'!E15 -> 46266 | C11: ='Teacher Calendar'!F15 -> 46267 | D11: ='Teacher Calendar'!G15 -> 46268 | E11: ='Teacher Calendar'!H15 -> 46269
A12: {=IFERROR(INDEX('Teacher Calendar'!$D$16:$D$25,SMALL(IF(('Teacher Calendar'!$D$16:$D$25<>"")*('Teacher Calendar'!$D$16:$D$25<>0),ROW('Teacher Calendar'!$D$16:$D$25)-ROW('Teacher Calendar'!$D$16)+1),1)),"")} -> 0.1 Get Acquainted | B12: {=IFERROR(INDEX('Teacher Calendar'!$E$16:$E$25,SMALL(IF(('Teacher Calendar'!$E$16:$E$25<>"")*('Teacher Calendar'!$E$16:$E$25<>0),ROW('Teacher Calendar'!$E$16:$E$25)-ROW('Teacher Calendar'!$E$16)+1),1)),"")} -> 0.1 Get Acquainted | C12: {=IFERROR(INDEX('Teacher Calendar'!$F$16:$F$25,SMALL(IF(('Teacher Calendar'!$F$16:$F$25<>"")*('Teacher Calendar'!$F$16:$F$25<>0),ROW('Teacher Calendar'!$F$16:$F$25)-ROW('Teacher Calendar'!$F$16)+1),1)),"")} -> 0.1 Get Acquainted | D12: {=IFERROR(INDEX('Teacher Calendar'!$G$16:$G$25,SMALL(IF(('Teacher Calendar'!$G$16:$G$25<>"")*('Teacher Calendar'!$G$16:$G$25<>0),ROW('Teacher Calendar'!$G$16:$G$25)-ROW('Teacher Calendar'!$G$16)+1),1)),"")} -> House Keeping | E12: {=IFERROR(INDEX('Teacher Calendar'!$H$16:$H$25,SMALL(IF(('Teacher Calendar'!$H$16:$H$25<>"")*('Teacher Calendar'!$H$16:$H$25<>0),ROW('Teacher Calendar'!$H$16:$H$25)-ROW('Teacher Calendar'!$H$16)+1),1)),"")} -> Labor Day
A13: {=IFERROR(INDEX('Teacher Calendar'!$D$16:$D$25,SMALL(IF(('Teacher Calendar'!$D$16:$D$25<>"")*('Teacher Calendar'!$D$16:$D$25<>0),ROW('Teacher Calendar'!$D$16:$D$25)-ROW('Teacher Calendar'!$D$16)+1),2)),"")} -> Warm Up | B13: {=IFERROR(INDEX('Teacher Calendar'!$E$16:$E$25,SMALL(IF(('Teacher Calendar'!$E$16:$E$25<>"")*('Teacher Calendar'!$E$16:$E$25<>0),ROW('Teacher Calendar'!$E$16:$E$25)-ROW('Teacher Calendar'!$E$16)+1),2)),"")} -> Warm Up | C13: {=IFERROR(INDEX('Teacher Calendar'!$F$16:$F$25,SMALL(IF(('Teacher Calendar'!$F$16:$F$25<>"")*('Teacher Calendar'!$F$16:$F$25<>0),ROW('Teacher Calendar'!$F$16:$F$25)-ROW('Teacher Calendar'!$F$16)+1),2)),"")} -> Warm Up | D13: {=IFERROR(INDEX('Teacher Calendar'!$G$16:$G$25,SMALL(IF(('Teacher Calendar'!$G$16:$G$25<>"")*('Teacher Calendar'!$G$16:$G$25<>0),ROW('Teacher Calendar'!$G$16:$G$25)-ROW('Teacher Calendar'!$G$16)+1),2)),"")} -> Warm Up | E13: {=IFERROR(INDEX('Teacher Calendar'!$H$16:$H$25,SMALL(IF(('Teacher Calendar'!$H$16:$H$25<>"")*('Teacher Calendar'!$H$16:$H$25<>0),ROW('Teacher Calendar'!$H$16:$H$25)-ROW('Teacher Calendar'!$H$16)+1),2)),"")}
A14: {=IFERROR(INDEX('Teacher Calendar'!$D$16:$D$25,SMALL(IF(('Teacher Calendar'!$D$16:$D$25<>"")*('Teacher Calendar'!$D$16:$D$25<>0),ROW('Teacher Calendar'!$D$16:$D$25)-ROW('Teacher Calendar'!$D$16)+1),3)),"")} -> Notes | B14: {=IFERROR(INDEX('Teacher Calendar'!$E$16:$E$25,SMALL(IF(('Teacher Calendar'!$E$16:$E$25<>"")*('Teacher Calendar'!$E$16:$E$25<>0),ROW('Teacher Calendar'!$E$16:$E$25)-ROW('Teacher Calendar'!$E$16)+1),3)),"")} -> Investigation | C14: {=IFERROR(INDEX('Teacher Calendar'!$F$16:$F$25,SMALL(IF(('Teacher Calendar'!$F$16:$F$25<>"")*('Teacher Calendar'!$F$16:$F$25<>0),ROW('Teacher Calendar'!$F$16:$F$25)-ROW('Teacher Calendar'!$F$16)+1),3)),"")} -> Investigation | D14: {=IFERROR(INDEX('Teacher Calendar'!$G$16:$G$25,SMALL(IF(('Teacher Calendar'!$G$16:$G$25<>"")*('Teacher Calendar'!$G$16:$G$25<>0),ROW('Teacher Calendar'!$G$16:$G$25)-ROW('Teacher Calendar'!$G$16)+1),3)),"")} -> Activity | E14: {=IFERROR(INDEX('Teacher Calendar'!$H$16:$H$25,SMALL(IF(('Teacher Calendar'!$H$16:$H$25<>"")*('Teacher Calendar'!$H$16:$H$25<>0),ROW('Teacher Calendar'!$H$16:$H$25)-ROW('Teacher Calendar'!$H$16)+1),3)),"")}
A15: {=IFERROR(INDEX('Teacher Calendar'!$D$16:$D$25,SMALL(IF(('Teacher Calendar'!$D$16:$D$25<>"")*('Teacher Calendar'!$D$16:$D$25<>0),ROW('Teacher Calendar'!$D$16:$D$25)-ROW('Teacher Calendar'!$D$16)+1),4)),"")} -> Practice Set | B15: {=IFERROR(INDEX('Teacher Calendar'!$E$16:$E$25,SMALL(IF(('Teacher Calendar'!$E$16:$E$25<>"")*('Teacher Calendar'!$E$16:$E$25<>0),ROW('Teacher Calendar'!$E$16:$E$25)-ROW('Teacher Calendar'!$E$16)+1),4)),"")} -> Practice Set | C15: {=IFERROR(INDEX('Teacher Calendar'!$F$16:$F$25,SMALL(IF(('Teacher Calendar'!$F$16:$F$25<>"")*('Teacher Calendar'!$F$16:$F$25<>0),ROW('Teacher Calendar'!$F$16:$F$25)-ROW('Teacher Calendar'!$F$16)+1),4)),"")} -> Activity | D15: {=IFERROR(INDEX('Teacher Calendar'!$G$16:$G$25,SMALL(IF(('Teacher Calendar'!$G$16:$G$25<>"")*('Teacher Calendar'!$G$16:$G$25<>0),ROW('Teacher Calendar'!$G$16:$G$25)-ROW('Teacher Calendar'!$G$16)+1),4)),"")} -> Return Portfolio | E15: {=IFERROR(INDEX('Teacher Calendar'!$H$16:$H$25,SMALL(IF(('Teacher Calendar'!$H$16:$H$25<>"")*('Teacher Calendar'!$H$16:$H$25<>0),ROW('Teacher Calendar'!$H$16:$H$25)-ROW('Teacher Calendar'!$H$16)+1),4)),"")}
A16: {=IFERROR(INDEX('Teacher Calendar'!$D$16:$D$25,SMALL(IF(('Teacher Calendar'!$D$16:$D$25<>"")*('Teacher Calendar'!$D$16:$D$25<>0),ROW('Teacher Calendar'!$D$16:$D$25)-ROW('Teacher Calendar'!$D$16)+1),5)),"")} | B16: {=IFERROR(INDEX('Teacher Calendar'!$E$16:$E$25,SMALL(IF(('Teacher Calendar'!$E$16:$E$25<>"")*('Teacher Calendar'!$E$16:$E$25<>0),ROW('Teacher Calendar'!$E$16:$E$25)-ROW('Teacher Calendar'!$E$16)+1),5)),"")} -> Extra Practice | C16: {=IFERROR(INDEX('Teacher Calendar'!$F$16:$F$25,SMALL(IF(('Teacher Calendar'!$F$16:$F$25<>"")*('Teacher Calendar'!$F$16:$F$25<>0),ROW('Teacher Calendar'!$F$16:$F$25)-ROW('Teacher Calendar'!$F$16)+1),5)),"")} -> Practice Set | D16: {=IFERROR(INDEX('Teacher Calendar'!$G$16:$G$25,SMALL(IF(('Teacher Calendar'!$G$16:$G$25<>"")*('Teacher Calendar'!$G$16:$G$25<>0),ROW('Teacher Calendar'!$G$16:$G$25)-ROW('Teacher Calendar'!$G$16)+1),5)),"")} -> Overview | E16: {=IFERROR(INDEX('Teacher Calendar'!$H$16:$H$25,SMALL(IF(('Teacher Calendar'!$H$16:$H$25<>"")*('Teacher Calendar'!$H$16:$H$25<>0),ROW('Teacher Calendar'!$H$16:$H$25)-ROW('Teacher Calendar'!$H$16)+1),5)),"")}
A17: {=IFERROR(INDEX('Teacher Calendar'!$D$16:$D$25,SMALL(IF(('Teacher Calendar'!$D$16:$D$25<>"")*('Teacher Calendar'!$D$16:$D$25<>0),ROW('Teacher Calendar'!$D$16:$D$25)-ROW('Teacher Calendar'!$D$16)+1),6)),"")} | B17: {=IFERROR(INDEX('Teacher Calendar'!$E$16:$E$25,SMALL(IF(('Teacher Calendar'!$E$16:$E$25<>"")*('Teacher Calendar'!$E$16:$E$25<>0),ROW('Teacher Calendar'!$E$16:$E$25)-ROW('Teacher Calendar'!$E$16)+1),6)),"")} | C17: {=IFERROR(INDEX('Teacher Calendar'!$F$16:$F$25,SMALL(IF(('Teacher Calendar'!$F$16:$F$25<>"")*('Teacher Calendar'!$F$16:$F$25<>0),ROW('Teacher Calendar'!$F$16:$F$25)-ROW('Teacher Calendar'!$F$16)+1),6)),"")} -> Extra Practice | D17: {=IFERROR(INDEX('Teacher Calendar'!$G$16:$G$25,SMALL(IF(('Teacher Calendar'!$G$16:$G$25<>"")*('Teacher Calendar'!$G$16:$G$25<>0),ROW('Teacher Calendar'!$G$16:$G$25)-ROW('Teacher Calendar'!$G$16)+1),6)),"")} -> Survey | E17: {=IFERROR(INDEX('Teacher Calendar'!$H$16:$H$25,SMALL(IF(('Teacher Calendar'!$H$16:$H$25<>"")*('Teacher Calendar'!$H$16:$H$25<>0),ROW('Teacher Calendar'!$H$16:$H$25)-ROW('Teacher Calendar'!$H$16)+1),6)),"")}
A18: {=IFERROR(INDEX('Teacher Calendar'!$D$16:$D$25,SMALL(IF(('Teacher Calendar'!$D$16:$D$25<>"")*('Teacher Calendar'!$D$16:$D$25<>0),ROW('Teacher Calendar'!$D$16:$D$25)-ROW('Teacher Calendar'!$D$16)+1),7)),"")} | B18: {=IFERROR(INDEX('Teacher Calendar'!$E$16:$E$25,SMALL(IF(('Teacher Calendar'!$E$16:$E$25<>"")*('Teacher Calendar'!$E$16:$E$25<>0),ROW('Teacher Calendar'!$E$16:$E$25)-ROW('Teacher Calendar'!$E$16)+1),7)),"")} | C18: {=IFERROR(INDEX('Teacher Calendar'!$F$16:$F$25,SMALL(IF(('Teacher Calendar'!$F$16:$F$25<>"")*('Teacher Calendar'!$F$16:$F$25<>0),ROW('Teacher Calendar'!$F$16:$F$25)-ROW('Teacher Calendar'!$F$16)+1),7)),"")} | D18: {=IFERROR(INDEX('Teacher Calendar'!$G$16:$G$25,SMALL(IF(('Teacher Calendar'!$G$16:$G$25<>"")*('Teacher Calendar'!$G$16:$G$25<>0),ROW('Teacher Calendar'!$G$16:$G$25)-ROW('Teacher Calendar'!$G$16)+1),7)),"")} | E18: {=IFERROR(INDEX('Teacher Calendar'!$H$16:$H$25,SMALL(IF(('Teacher Calendar'!$H$16:$H$25<>"")*('Teacher Calendar'!$H$16:$H$25<>0),ROW('Teacher Calendar'!$H$16:$H$25)-ROW('Teacher Calendar'!$H$16)+1),7)),"")}
A19: ='Teacher Calendar'!D42 -> 46272 | B19: ='Teacher Calendar'!E42 -> 46273 | C19: ='Teacher Calendar'!F42 -> 46274 | D19: ='Teacher Calendar'!G42 -> 46275 | E19: ='Teacher Calendar'!H42 -> 46276
A20: {=IFERROR(INDEX('Teacher Calendar'!$D$43:$D$52,SMALL(IF(('Teacher Calendar'!$D$43:$D$52<>"")*('Teacher Calendar'!$D$43:$D$52<>0),ROW('Teacher Calendar'!$D$43:$D$52)-ROW('Teacher Calendar'!$D$43)+1),1)),"")} | B20: {=IFERROR(INDEX('Teacher Calendar'!$E$43:$E$52,SMALL(IF(('Teacher Calendar'!$E$43:$E$52<>"")*('Teacher Calendar'!$E$43:$E$52<>0),ROW('Teacher Calendar'!$E$43:$E$52)-ROW('Teacher Calendar'!$E$43)+1),1)),"")} -> 1.1: Think Physics | C20: {=IFERROR(INDEX('Teacher Calendar'!$F$43:$F$52,SMALL(IF(('Teacher Calendar'!$F$43:$F$52<>"")*('Teacher Calendar'!$F$43:$F$52<>0),ROW('Teacher Calendar'!$F$43:$F$52)-ROW('Teacher Calendar'!$F$43)+1),1)),"")} -> 1.1: Think Physics | D20: {=IFERROR(INDEX('Teacher Calendar'!$G$43:$G$52,SMALL(IF(('Teacher Calendar'!$G$43:$G$52<>"")*('Teacher Calendar'!$G$43:$G$52<>0),ROW('Teacher Calendar'!$G$43:$G$52)-ROW('Teacher Calendar'!$G$43)+1),1)),"")} -> 1.1: Think Physics | E20: {=IFERROR(INDEX('Teacher Calendar'!$H$43:$H$52,SMALL(IF(('Teacher Calendar'!$H$43:$H$52<>"")*('Teacher Calendar'!$H$43:$H$52<>0),ROW('Teacher Calendar'!$H$43:$H$52)-ROW('Teacher Calendar'!$H$43)+1),1)),"")} -> 1.2: Forces & N1L
A21: {=IFERROR(INDEX('Teacher Calendar'!$D$43:$D$52,SMALL(IF(('Teacher Calendar'!$D$43:$D$52<>"")*('Teacher Calendar'!$D$43:$D$52<>0),ROW('Teacher Calendar'!$D$43:$D$52)-ROW('Teacher Calendar'!$D$43)+1),2)),"")} | B21: {=IFERROR(INDEX('Teacher Calendar'!$E$43:$E$52,SMALL(IF(('Teacher Calendar'!$E$43:$E$52<>"")*('Teacher Calendar'!$E$43:$E$52<>0),ROW('Teacher Calendar'!$E$43:$E$52)-ROW('Teacher Calendar'!$E$43)+1),2)),"")} -> Warm Up | C21: {=IFERROR(INDEX('Teacher Calendar'!$F$43:$F$52,SMALL(IF(('Teacher Calendar'!$F$43:$F$52<>"")*('Teacher Calendar'!$F$43:$F$52<>0),ROW('Teacher Calendar'!$F$43:$F$52)-ROW('Teacher Calendar'!$F$43)+1),2)),"")} -> Warm Up | D21: {=IFERROR(INDEX('Teacher Calendar'!$G$43:$G$52,SMALL(IF(('Teacher Calendar'!$G$43:$G$52<>"")*('Teacher Calendar'!$G$43:$G$52<>0),ROW('Teacher Calendar'!$G$43:$G$52)-ROW('Teacher Calendar'!$G$43)+1),2)),"")} -> Warm Up | E21: {=IFERROR(INDEX('Teacher Calendar'!$H$43:$H$52,SMALL(IF(('Teacher Calendar'!$H$43:$H$52<>"")*('Teacher Calendar'!$H$43:$H$52<>0),ROW('Teacher Calendar'!$H$43:$H$52)-ROW('Teacher Calendar'!$H$43)+1),2)),"")} -> Warm Up
A22: {=IFERROR(INDEX('Teacher Calendar'!$D$43:$D$52,SMALL(IF(('Teacher Calendar'!$D$43:$D$52<>"")*('Teacher Calendar'!$D$43:$D$52<>0),ROW('Teacher Calendar'!$D$43:$D$52)-ROW('Teacher Calendar'!$D$43)+1),3)),"")} | B22: {=IFERROR(INDEX('Teacher Calendar'!$E$43:$E$52,SMALL(IF(('Teacher Calendar'!$E$43:$E$52<>"")*('Teacher Calendar'!$E$43:$E$52<>0),ROW('Teacher Calendar'!$E$43:$E$52)-ROW('Teacher Calendar'!$E$43)+1),3)),"")} -> Demo | C22: {=IFERROR(INDEX('Teacher Calendar'!$F$43:$F$52,SMALL(IF(('Teacher Calendar'!$F$43:$F$52<>"")*('Teacher Calendar'!$F$43:$F$52<>0),ROW('Teacher Calendar'!$F$43:$F$52)-ROW('Teacher Calendar'!$F$43)+1),3)),"")} -> Demo | D22: {=IFERROR(INDEX('Teacher Calendar'!$G$43:$G$52,SMALL(IF(('Teacher Calendar'!$G$43:$G$52<>"")*('Teacher Calendar'!$G$43:$G$52<>0),ROW('Teacher Calendar'!$G$43:$G$52)-ROW('Teacher Calendar'!$G$43)+1),3)),"")} -> Demo | E22: {=IFERROR(INDEX('Teacher Calendar'!$H$43:$H$52,SMALL(IF(('Teacher Calendar'!$H$43:$H$52<>"")*('Teacher Calendar'!$H$43:$H$52<>0),ROW('Teacher Calendar'!$H$43:$H$52)-ROW('Teacher Calendar'!$H$43)+1),3)),"")} -> Demo
A23: {=IFERROR(INDEX('Teacher Calendar'!$D$43:$D$52,SMALL(IF(('Teacher Calendar'!$D$43:$D$52<>"")*('Teacher Calendar'!$D$43:$D$52<>0),ROW('Teacher Calendar'!$D$43:$D$52)-ROW('Teacher Calendar'!$D$43)+1),4)),"")} | B23: {=IFERROR(INDEX('Teacher Calendar'!$E$43:$E$52,SMALL(IF(('Teacher Calendar'!$E$43:$E$52<>"")*('Teacher Calendar'!$E$43:$E$52<>0),ROW('Teacher Calendar'!$E$43:$E$52)-ROW('Teacher Calendar'!$E$43)+1),4)),"")} -> Notes | C23: {=IFERROR(INDEX('Teacher Calendar'!$F$43:$F$52,SMALL(IF(('Teacher Calendar'!$F$43:$F$52<>"")*('Teacher Calendar'!$F$43:$F$52<>0),ROW('Teacher Calendar'!$F$43:$F$52)-ROW('Teacher Calendar'!$F$43)+1),4)),"")} -> Notes | D23: {=IFERROR(INDEX('Teacher Calendar'!$G$43:$G$52,SMALL(IF(('Teacher Calendar'!$G$43:$G$52<>"")*('Teacher Calendar'!$G$43:$G$52<>0),ROW('Teacher Calendar'!$G$43:$G$52)-ROW('Teacher Calendar'!$G$43)+1),4)),"")} -> Notes | E23: {=IFERROR(INDEX('Teacher Calendar'!$H$43:$H$52,SMALL(IF(('Teacher Calendar'!$H$43:$H$52<>"")*('Teacher Calendar'!$H$43:$H$52<>0),ROW('Teacher Calendar'!$H$43:$H$52)-ROW('Teacher Calendar'!$H$43)+1),4)),"")} -> Notes
A24: {=IFERROR(INDEX('Teacher Calendar'!$D$43:$D$52,SMALL(IF(('Teacher Calendar'!$D$43:$D$52<>"")*('Teacher Calendar'!$D$43:$D$52<>0),ROW('Teacher Calendar'!$D$43:$D$52)-ROW('Teacher Calendar'!$D$43)+1),5)),"")} | B24: {=IFERROR(INDEX('Teacher Calendar'!$E$43:$E$52,SMALL(IF(('Teacher Calendar'!$E$43:$E$52<>"")*('Teacher Calendar'!$E$43:$E$52<>0),ROW('Teacher Calendar'!$E$43:$E$52)-ROW('Teacher Calendar'!$E$43)+1),5)),"")} -> Investigation | C24: {=IFERROR(INDEX('Teacher Calendar'!$F$43:$F$52,SMALL(IF(('Teacher Calendar'!$F$43:$F$52<>"")*('Teacher Calendar'!$F$43:$F$52<>0),ROW('Teacher Calendar'!$F$43:$F$52)-ROW('Teacher Calendar'!$F$43)+1),5)),"")} -> Investigation | D24: {=IFERROR(INDEX('Teacher Calendar'!$G$43:$G$52,SMALL(IF(('Teacher Calendar'!$G$43:$G$52<>"")*('Teacher Calendar'!$G$43:$G$52<>0),ROW('Teacher Calendar'!$G$43:$G$52)-ROW('Teacher Calendar'!$G$43)+1),5)),"")} -> Investigation | E24: {=IFERROR(INDEX('Teacher Calendar'!$H$43:$H$52,SMALL(IF(('Teacher Calendar'!$H$43:$H$52<>"")*('Teacher Calendar'!$H$43:$H$52<>0),ROW('Teacher Calendar'!$H$43:$H$52)-ROW('Teacher Calendar'!$H$43)+1),5)),"")} -> Investigation
A25: {=IFERROR(INDEX('Teacher Calendar'!$D$43:$D$52,SMALL(IF(('Teacher Calendar'!$D$43:$D$52<>"")*('Teacher Calendar'!$D$43:$D$52<>0),ROW('Teacher Calendar'!$D$43:$D$52)-ROW('Teacher Calendar'!$D$43)+1),6)),"")} | B25: {=IFERROR(INDEX('Teacher Calendar'!$E$43:$E$52,SMALL(IF(('Teacher Calendar'!$E$43:$E$52<>"")*('Teacher Calendar'!$E$43:$E$52<>0),ROW('Teacher Calendar'!$E$43:$E$52)-ROW('Teacher Calendar'!$E$43)+1),6)),"")} -> Activity | C25: {=IFERROR(INDEX('Teacher Calendar'!$F$43:$F$52,SMALL(IF(('Teacher Calendar'!$F$43:$F$52<>"")*('Teacher Calendar'!$F$43:$F$52<>0),ROW('Teacher Calendar'!$F$43:$F$52)-ROW('Teacher Calendar'!$F$43)+1),6)),"")} -> Activity | D25: {=IFERROR(INDEX('Teacher Calendar'!$G$43:$G$52,SMALL(IF(('Teacher Calendar'!$G$43:$G$52<>"")*('Teacher Calendar'!$G$43:$G$52<>0),ROW('Teacher Calendar'!$G$43:$G$52)-ROW('Teacher Calendar'!$G$43)+1),6)),"")} -> Activity | E25: {=IFERROR(INDEX('Teacher Calendar'!$H$43:$H$52,SMALL(IF(('Teacher Calendar'!$H$43:$H$52<>"")*('Teacher Calendar'!$H$43:$H$52<>0),ROW('Teacher Calendar'!$H$43:$H$52)-ROW('Teacher Calendar'!$H$43)+1),6)),"")} -> Activity
A26: {=IFERROR(INDEX('Teacher Calendar'!$D$43:$D$52,SMALL(IF(('Teacher Calendar'!$D$43:$D$52<>"")*('Teacher Calendar'!$D$43:$D$52<>0),ROW('Teacher Calendar'!$D$43:$D$52)-ROW('Teacher Calendar'!$D$43)+1),7)),"")} | B26: {=IFERROR(INDEX('Teacher Calendar'!$E$43:$E$52,SMALL(IF(('Teacher Calendar'!$E$43:$E$52<>"")*('Teacher Calendar'!$E$43:$E$52<>0),ROW('Teacher Calendar'!$E$43:$E$52)-ROW('Teacher Calendar'!$E$43)+1),7)),"")} -> Practice Set | C26: {=IFERROR(INDEX('Teacher Calendar'!$F$43:$F$52,SMALL(IF(('Teacher Calendar'!$F$43:$F$52<>"")*('Teacher Calendar'!$F$43:$F$52<>0),ROW('Teacher Calendar'!$F$43:$F$52)-ROW('Teacher Calendar'!$F$43)+1),7)),"")} -> Practice Set | D26: {=IFERROR(INDEX('Teacher Calendar'!$G$43:$G$52,SMALL(IF(('Teacher Calendar'!$G$43:$G$52<>"")*('Teacher Calendar'!$G$43:$G$52<>0),ROW('Teacher Calendar'!$G$43:$G$52)-ROW('Teacher Calendar'!$G$43)+1),7)),"")} -> Practice Set | E26: {=IFERROR(INDEX('Teacher Calendar'!$H$43:$H$52,SMALL(IF(('Teacher Calendar'!$H$43:$H$52<>"")*('Teacher Calendar'!$H$43:$H$52<>0),ROW('Teacher Calendar'!$H$43:$H$52)-ROW('Teacher Calendar'!$H$43)+1),7)),"")} -> Practice Set
A27: ='Teacher Calendar'!D69 -> 46279 | B27: ='Teacher Calendar'!E69 -> 46280 | C27: ='Teacher Calendar'!F69 -> 46281 | D27: ='Teacher Calendar'!G69 -> 46282 | E27: ='Teacher Calendar'!H69 -> 46283
A28: {=IFERROR(INDEX('Teacher Calendar'!$D$70:$D$79,SMALL(IF(('Teacher Calendar'!$D$70:$D$79<>"")*('Teacher Calendar'!$D$70:$D$79<>0),ROW('Teacher Calendar'!$D$70:$D$79)-ROW('Teacher Calendar'!$D$70)+1),1)),"")} -> 1.2: Forces & N1L | B28: {=IFERROR(INDEX('Teacher Calendar'!$E$70:$E$79,SMALL(IF(('Teacher Calendar'!$E$70:$E$79<>"")*('Teacher Calendar'!$E$70:$E$79<>0),ROW('Teacher Calendar'!$E$70:$E$79)-ROW('Teacher Calendar'!$E$70)+1),1)),"")} -> 1.2: Forces & N1L | C28: {=IFERROR(INDEX('Teacher Calendar'!$F$70:$F$79,SMALL(IF(('Teacher Calendar'!$F$70:$F$79<>"")*('Teacher Calendar'!$F$70:$F$79<>0),ROW('Teacher Calendar'!$F$70:$F$79)-ROW('Teacher Calendar'!$F$70)+1),1)),"")} -> 1.3: Net Force & Vec | D28: {=IFERROR(INDEX('Teacher Calendar'!$G$70:$G$79,SMALL(IF(('Teacher Calendar'!$G$70:$G$79<>"")*('Teacher Calendar'!$G$70:$G$79<>0),ROW('Teacher Calendar'!$G$70:$G$79)-ROW('Teacher Calendar'!$G$70)+1),1)),"")} -> 1.3: Net Force & Vec | E28: {=IFERROR(INDEX('Teacher Calendar'!$H$70:$H$79,SMALL(IF(('Teacher Calendar'!$H$70:$H$79<>"")*('Teacher Calendar'!$H$70:$H$79<>0),ROW('Teacher Calendar'!$H$70:$H$79)-ROW('Teacher Calendar'!$H$70)+1),1)),"")} -> 1.3: Net Force & Vec
A29: {=IFERROR(INDEX('Teacher Calendar'!$D$70:$D$79,SMALL(IF(('Teacher Calendar'!$D$70:$D$79<>"")*('Teacher Calendar'!$D$70:$D$79<>0),ROW('Teacher Calendar'!$D$70:$D$79)-ROW('Teacher Calendar'!$D$70)+1),2)),"")} -> Warm Up | B29: {=IFERROR(INDEX('Teacher Calendar'!$E$70:$E$79,SMALL(IF(('Teacher Calendar'!$E$70:$E$79<>"")*('Teacher Calendar'!$E$70:$E$79<>0),ROW('Teacher Calendar'!$E$70:$E$79)-ROW('Teacher Calendar'!$E$70)+1),2)),"")} -> Warm Up | C29: {=IFERROR(INDEX('Teacher Calendar'!$F$70:$F$79,SMALL(IF(('Teacher Calendar'!$F$70:$F$79<>"")*('Teacher Calendar'!$F$70:$F$79<>0),ROW('Teacher Calendar'!$F$70:$F$79)-ROW('Teacher Calendar'!$F$70)+1),2)),"")} -> Warm Up | D29: {=IFERROR(INDEX('Teacher Calendar'!$G$70:$G$79,SMALL(IF(('Teacher Calendar'!$G$70:$G$79<>"")*('Teacher Calendar'!$G$70:$G$79<>0),ROW('Teacher Calendar'!$G$70:$G$79)-ROW('Teacher Calendar'!$G$70)+1),2)),"")} -> Warm Up | E29: {=IFERROR(INDEX('Teacher Calendar'!$H$70:$H$79,SMALL(IF(('Teacher Calendar'!$H$70:$H$79<>"")*('Teacher Calendar'!$H$70:$H$79<>0),ROW('Teacher Calendar'!$H$70:$H$79)-ROW('Teacher Calendar'!$H$70)+1),2)),"")} -> Warm Up
A30: {=IFERROR(INDEX('Teacher Calendar'!$D$70:$D$79,SMALL(IF(('Teacher Calendar'!$D$70:$D$79<>"")*('Teacher Calendar'!$D$70:$D$79<>0),ROW('Teacher Calendar'!$D$70:$D$79)-ROW('Teacher Calendar'!$D$70)+1),3)),"")} -> Demo | B30: {=IFERROR(INDEX('Teacher Calendar'!$E$70:$E$79,SMALL(IF(('Teacher Calendar'!$E$70:$E$79<>"")*('Teacher Calendar'!$E$70:$E$79<>0),ROW('Teacher Calendar'!$E$70:$E$79)-ROW('Teacher Calendar'!$E$70)+1),3)),"")} -> Demo | C30: {=IFERROR(INDEX('Teacher Calendar'!$F$70:$F$79,SMALL(IF(('Teacher Calendar'!$F$70:$F$79<>"")*('Teacher Calendar'!$F$70:$F$79<>0),ROW('Teacher Calendar'!$F$70:$F$79)-ROW('Teacher Calendar'!$F$70)+1),3)),"")} -> Demo | D30: {=IFERROR(INDEX('Teacher Calendar'!$G$70:$G$79,SMALL(IF(('Teacher Calendar'!$G$70:$G$79<>"")*('Teacher Calendar'!$G$70:$G$79<>0),ROW('Teacher Calendar'!$G$70:$G$79)-ROW('Teacher Calendar'!$G$70)+1),3)),"")} -> Demo | E30: {=IFERROR(INDEX('Teacher Calendar'!$H$70:$H$79,SMALL(IF(('Teacher Calendar'!$H$70:$H$79<>"")*('Teacher Calendar'!$H$70:$H$79<>0),ROW('Teacher Calendar'!$H$70:$H$79)-ROW('Teacher Calendar'!$H$70)+1),3)),"")} -> Demo
A31: {=IFERROR(INDEX('Teacher Calendar'!$D$70:$D$79,SMALL(IF(('Teacher Calendar'!$D$70:$D$79<>"")*('Teacher Calendar'!$D$70:$D$79<>0),ROW('Teacher Calendar'!$D$70:$D$79)-ROW('Teacher Calendar'!$D$70)+1),4)),"")} -> Notes | B31: {=IFERROR(INDEX('Teacher Calendar'!$E$70:$E$79,SMALL(IF(('Teacher Calendar'!$E$70:$E$79<>"")*('Teacher Calendar'!$E$70:$E$79<>0),ROW('Teacher Calendar'!$E$70:$E$79)-ROW('Teacher Calendar'!$E$70)+1),4)),"")} -> Notes | C31: {=IFERROR(INDEX('Teacher Calendar'!$F$70:$F$79,SMALL(IF(('Teacher Calendar'!$F$70:$F$79<>"")*('Teacher Calendar'!$F$70:$F$79<>0),ROW('Teacher Calendar'!$F$70:$F$79)-ROW('Teacher Calendar'!$F$70)+1),4)),"")} -> Notes | D31: {=IFERROR(INDEX('Teacher Calendar'!$G$70:$G$79,SMALL(IF(('Teacher Calendar'!$G$70:$G$79<>"")*('Teacher Calendar'!$G$70:$G$79<>0),ROW('Teacher Calendar'!$G$70:$G$79)-ROW('Teacher Calendar'!$G$70)+1),4)),"")} -> Notes | E31: {=IFERROR(INDEX('Teacher Calendar'!$H$70:$H$79,SMALL(IF(('Teacher Calendar'!$H$70:$H$79<>"")*('Teacher Calendar'!$H$70:$H$79<>0),ROW('Teacher Calendar'!$H$70:$H$79)-ROW('Teacher Calendar'!$H$70)+1),4)),"")} -> Notes
A32: {=IFERROR(INDEX('Teacher Calendar'!$D$70:$D$79,SMALL(IF(('Teacher Calendar'!$D$70:$D$79<>"")*('Teacher Calendar'!$D$70:$D$79<>0),ROW('Teacher Calendar'!$D$70:$D$79)-ROW('Teacher Calendar'!$D$70)+1),5)),"")} -> Investigation | B32: {=IFERROR(INDEX('Teacher Calendar'!$E$70:$E$79,SMALL(IF(('Teacher Calendar'!$E$70:$E$79<>"")*('Teacher Calendar'!$E$70:$E$79<>0),ROW('Teacher Calendar'!$E$70:$E$79)-ROW('Teacher Calendar'!$E$70)+1),5)),"")} -> Investigation | C32: {=IFERROR(INDEX('Teacher Calendar'!$F$70:$F$79,SMALL(IF(('Teacher Calendar'!$F$70:$F$79<>"")*('Teacher Calendar'!$F$70:$F$79<>0),ROW('Teacher Calendar'!$F$70:$F$79)-ROW('Teacher Calendar'!$F$70)+1),5)),"")} -> Investigation | D32: {=IFERROR(INDEX('Teacher Calendar'!$G$70:$G$79,SMALL(IF(('Teacher Calendar'!$G$70:$G$79<>"")*('Teacher Calendar'!$G$70:$G$79<>0),ROW('Teacher Calendar'!$G$70:$G$79)-ROW('Teacher Calendar'!$G$70)+1),5)),"")} -> Investigation | E32: {=IFERROR(INDEX('Teacher Calendar'!$H$70:$H$79,SMALL(IF(('Teacher Calendar'!$H$70:$H$79<>"")*('Teacher Calendar'!$H$70:$H$79<>0),ROW('Teacher Calendar'!$H$70:$H$79)-ROW('Teacher Calendar'!$H$70)+1),5)),"")} -> Investigation
A33: {=IFERROR(INDEX('Teacher Calendar'!$D$70:$D$79,SMALL(IF(('Teacher Calendar'!$D$70:$D$79<>"")*('Teacher Calendar'!$D$70:$D$79<>0),ROW('Teacher Calendar'!$D$70:$D$79)-ROW('Teacher Calendar'!$D$70)+1),6)),"")} -> Activity | B33: {=IFERROR(INDEX('Teacher Calendar'!$E$70:$E$79,SMALL(IF(('Teacher Calendar'!$E$70:$E$79<>"")*('Teacher Calendar'!$E$70:$E$79<>0),ROW('Teacher Calendar'!$E$70:$E$79)-ROW('Teacher Calendar'!$E$70)+1),6)),"")} -> Activity | C33: {=IFERROR(INDEX('Teacher Calendar'!$F$70:$F$79,SMALL(IF(('Teacher Calendar'!$F$70:$F$79<>"")*('Teacher Calendar'!$F$70:$F$79<>0),ROW('Teacher Calendar'!$F$70:$F$79)-ROW('Teacher Calendar'!$F$70)+1),6)),"")} -> Activity | D33: {=IFERROR(INDEX('Teacher Calendar'!$G$70:$G$79,SMALL(IF(('Teacher Calendar'!$G$70:$G$79<>"")*('Teacher Calendar'!$G$70:$G$79<>0),ROW('Teacher Calendar'!$G$70:$G$79)-ROW('Teacher Calendar'!$G$70)+1),6)),"")} -> Activity | E33: {=IFERROR(INDEX('Teacher Calendar'!$H$70:$H$79,SMALL(IF(('Teacher Calendar'!$H$70:$H$79<>"")*('Teacher Calendar'!$H$70:$H$79<>0),ROW('Teacher Calendar'!$H$70:$H$79)-ROW('Teacher Calendar'!$H$70)+1),6)),"")} -> Activity
A34: {=IFERROR(INDEX('Teacher Calendar'!$D$70:$D$79,SMALL(IF(('Teacher Calendar'!$D$70:$D$79<>"")*('Teacher Calendar'!$D$70:$D$79<>0),ROW('Teacher Calendar'!$D$70:$D$79)-ROW('Teacher Calendar'!$D$70)+1),7)),"")} -> Practice Set | B34: {=IFERROR(INDEX('Teacher Calendar'!$E$70:$E$79,SMALL(IF(('Teacher Calendar'!$E$70:$E$79<>"")*('Teacher Calendar'!$E$70:$E$79<>0),ROW('Teacher Calendar'!$E$70:$E$79)-ROW('Teacher Calendar'!$E$70)+1),7)),"")} -> Practice Set | C34: {=IFERROR(INDEX('Teacher Calendar'!$F$70:$F$79,SMALL(IF(('Teacher Calendar'!$F$70:$F$79<>"")*('Teacher Calendar'!$F$70:$F$79<>0),ROW('Teacher Calendar'!$F$70:$F$79)-ROW('Teacher Calendar'!$F$70)+1),7)),"")} -> Practice Set | D34: {=IFERROR(INDEX('Teacher Calendar'!$G$70:$G$79,SMALL(IF(('Teacher Calendar'!$G$70:$G$79<>"")*('Teacher Calendar'!$G$70:$G$79<>0),ROW('Teacher Calendar'!$G$70:$G$79)-ROW('Teacher Calendar'!$G$70)+1),7)),"")} -> Practice Set | E34: {=IFERROR(INDEX('Teacher Calendar'!$H$70:$H$79,SMALL(IF(('Teacher Calendar'!$H$70:$H$79<>"")*('Teacher Calendar'!$H$70:$H$79<>0),ROW('Teacher Calendar'!$H$70:$H$79)-ROW('Teacher Calendar'!$H$70)+1),7)),"")} -> Practice Set
A35: ='Teacher Calendar'!D96 -> 46286 | B35: ='Teacher Calendar'!E96 -> 46287 | C35: ='Teacher Calendar'!F96 -> 46288 | D35: ='Teacher Calendar'!G96 -> 46289 | E35: ='Teacher Calendar'!H96 -> 46290
A36: {=IFERROR(INDEX('Teacher Calendar'!$D$97:$D$106,SMALL(IF(('Teacher Calendar'!$D$97:$D$106<>"")*('Teacher Calendar'!$D$97:$D$106<>0),ROW('Teacher Calendar'!$D$97:$D$106)-ROW('Teacher Calendar'!$D$97)+1),1)),"")} -> PD | B36: {=IFERROR(INDEX('Teacher Calendar'!$E$97:$E$106,SMALL(IF(('Teacher Calendar'!$E$97:$E$106<>"")*('Teacher Calendar'!$E$97:$E$106<>0),ROW('Teacher Calendar'!$E$97:$E$106)-ROW('Teacher Calendar'!$E$97)+1),1)),"")} -> 1.4: Equilibrium | C36: {=IFERROR(INDEX('Teacher Calendar'!$F$97:$F$106,SMALL(IF(('Teacher Calendar'!$F$97:$F$106<>"")*('Teacher Calendar'!$F$97:$F$106<>0),ROW('Teacher Calendar'!$F$97:$F$106)-ROW('Teacher Calendar'!$F$97)+1),1)),"")} -> 1.4: Equilibrium | D36: {=IFERROR(INDEX('Teacher Calendar'!$G$97:$G$106,SMALL(IF(('Teacher Calendar'!$G$97:$G$106<>"")*('Teacher Calendar'!$G$97:$G$106<>0),ROW('Teacher Calendar'!$G$97:$G$106)-ROW('Teacher Calendar'!$G$97)+1),1)),"")} -> 1.4: Equilibrium | E36: {=IFERROR(INDEX('Teacher Calendar'!$H$97:$H$106,SMALL(IF(('Teacher Calendar'!$H$97:$H$106<>"")*('Teacher Calendar'!$H$97:$H$106<>0),ROW('Teacher Calendar'!$H$97:$H$106)-ROW('Teacher Calendar'!$H$97)+1),1)),"")} -> 1.5: Force Models
A37: {=IFERROR(INDEX('Teacher Calendar'!$D$97:$D$106,SMALL(IF(('Teacher Calendar'!$D$97:$D$106<>"")*('Teacher Calendar'!$D$97:$D$106<>0),ROW('Teacher Calendar'!$D$97:$D$106)-ROW('Teacher Calendar'!$D$97)+1),2)),"")} | B37: {=IFERROR(INDEX('Teacher Calendar'!$E$97:$E$106,SMALL(IF(('Teacher Calendar'!$E$97:$E$106<>"")*('Teacher Calendar'!$E$97:$E$106<>0),ROW('Teacher Calendar'!$E$97:$E$106)-ROW('Teacher Calendar'!$E$97)+1),2)),"")} -> Warm Up | C37: {=IFERROR(INDEX('Teacher Calendar'!$F$97:$F$106,SMALL(IF(('Teacher Calendar'!$F$97:$F$106<>"")*('Teacher Calendar'!$F$97:$F$106<>0),ROW('Teacher Calendar'!$F$97:$F$106)-ROW('Teacher Calendar'!$F$97)+1),2)),"")} -> Warm Up | D37: {=IFERROR(INDEX('Teacher Calendar'!$G$97:$G$106,SMALL(IF(('Teacher Calendar'!$G$97:$G$106<>"")*('Teacher Calendar'!$G$97:$G$106<>0),ROW('Teacher Calendar'!$G$97:$G$106)-ROW('Teacher Calendar'!$G$97)+1),2)),"")} -> Warm Up | E37: {=IFERROR(INDEX('Teacher Calendar'!$H$97:$H$106,SMALL(IF(('Teacher Calendar'!$H$97:$H$106<>"")*('Teacher Calendar'!$H$97:$H$106<>0),ROW('Teacher Calendar'!$H$97:$H$106)-ROW('Teacher Calendar'!$H$97)+1),2)),"")} -> Warm Up
A38: {=IFERROR(INDEX('Teacher Calendar'!$D$97:$D$106,SMALL(IF(('Teacher Calendar'!$D$97:$D$106<>"")*('Teacher Calendar'!$D$97:$D$106<>0),ROW('Teacher Calendar'!$D$97:$D$106)-ROW('Teacher Calendar'!$D$97)+1),3)),"")} | B38: {=IFERROR(INDEX('Teacher Calendar'!$E$97:$E$106,SMALL(IF(('Teacher Calendar'!$E$97:$E$106<>"")*('Teacher Calendar'!$E$97:$E$106<>0),ROW('Teacher Calendar'!$E$97:$E$106)-ROW('Teacher Calendar'!$E$97)+1),3)),"")} -> Demo | C38: {=IFERROR(INDEX('Teacher Calendar'!$F$97:$F$106,SMALL(IF(('Teacher Calendar'!$F$97:$F$106<>"")*('Teacher Calendar'!$F$97:$F$106<>0),ROW('Teacher Calendar'!$F$97:$F$106)-ROW('Teacher Calendar'!$F$97)+1),3)),"")} -> Demo | D38: {=IFERROR(INDEX('Teacher Calendar'!$G$97:$G$106,SMALL(IF(('Teacher Calendar'!$G$97:$G$106<>"")*('Teacher Calendar'!$G$97:$G$106<>0),ROW('Teacher Calendar'!$G$97:$G$106)-ROW('Teacher Calendar'!$G$97)+1),3)),"")} -> Demo | E38: {=IFERROR(INDEX('Teacher Calendar'!$H$97:$H$106,SMALL(IF(('Teacher Calendar'!$H$97:$H$106<>"")*('Teacher Calendar'!$H$97:$H$106<>0),ROW('Teacher Calendar'!$H$97:$H$106)-ROW('Teacher Calendar'!$H$97)+1),3)),"")} -> Demo
A39: {=IFERROR(INDEX('Teacher Calendar'!$D$97:$D$106,SMALL(IF(('Teacher Calendar'!$D$97:$D$106<>"")*('Teacher Calendar'!$D$97:$D$106<>0),ROW('Teacher Calendar'!$D$97:$D$106)-ROW('Teacher Calendar'!$D$97)+1),4)),"")} | B39: {=IFERROR(INDEX('Teacher Calendar'!$E$97:$E$106,SMALL(IF(('Teacher Calendar'!$E$97:$E$106<>"")*('Teacher Calendar'!$E$97:$E$106<>0),ROW('Teacher Calendar'!$E$97:$E$106)-ROW('Teacher Calendar'!$E$97)+1),4)),"")} -> Notes | C39: {=IFERROR(INDEX('Teacher Calendar'!$F$97:$F$106,SMALL(IF(('Teacher Calendar'!$F$97:$F$106<>"")*('Teacher Calendar'!$F$97:$F$106<>0),ROW('Teacher Calendar'!$F$97:$F$106)-ROW('Teacher Calendar'!$F$97)+1),4)),"")} -> Notes | D39: {=IFERROR(INDEX('Teacher Calendar'!$G$97:$G$106,SMALL(IF(('Teacher Calendar'!$G$97:$G$106<>"")*('Teacher Calendar'!$G$97:$G$106<>0),ROW('Teacher Calendar'!$G$97:$G$106)-ROW('Teacher Calendar'!$G$97)+1),4)),"")} -> Notes | E39: {=IFERROR(INDEX('Teacher Calendar'!$H$97:$H$106,SMALL(IF(('Teacher Calendar'!$H$97:$H$106<>"")*('Teacher Calendar'!$H$97:$H$106<>0),ROW('Teacher Calendar'!$H$97:$H$106)-ROW('Teacher Calendar'!$H$97)+1),4)),"")} -> Notes
A40: {=IFERROR(INDEX('Teacher Calendar'!$D$97:$D$106,SMALL(IF(('Teacher Calendar'!$D$97:$D$106<>"")*('Teacher Calendar'!$D$97:$D$106<>0),ROW('Teacher Calendar'!$D$97:$D$106)-ROW('Teacher Calendar'!$D$97)+1),5)),"")} | B40: {=IFERROR(INDEX('Teacher Calendar'!$E$97:$E$106,SMALL(IF(('Teacher Calendar'!$E$97:$E$106<>"")*('Teacher Calendar'!$E$97:$E$106<>0),ROW('Teacher Calendar'!$E$97:$E$106)-ROW('Teacher Calendar'!$E$97)+1),5)),"")} -> Investigation | C40: {=IFERROR(INDEX('Teacher Calendar'!$F$97:$F$106,SMALL(IF(('Teacher Calendar'!$F$97:$F$106<>"")*('Teacher Calendar'!$F$97:$F$106<>0),ROW('Teacher Calendar'!$F$97:$F$106)-ROW('Teacher Calendar'!$F$97)+1),5)),"")} -> Investigation | D40: {=IFERROR(INDEX('Teacher Calendar'!$G$97:$G$106,SMALL(IF(('Teacher Calendar'!$G$97:$G$106<>"")*('Teacher Calendar'!$G$97:$G$106<>0),ROW('Teacher Calendar'!$G$97:$G$106)-ROW('Teacher Calendar'!$G$97)+1),5)),"")} -> Investigation | E40: {=IFERROR(INDEX('Teacher Calendar'!$H$97:$H$106,SMALL(IF(('Teacher Calendar'!$H$97:$H$106<>"")*('Teacher Calendar'!$H$97:$H$106<>0),ROW('Teacher Calendar'!$H$97:$H$106)-ROW('Teacher Calendar'!$H$97)+1),5)),"")} -> Investigation
A41: {=IFERROR(INDEX('Teacher Calendar'!$D$97:$D$106,SMALL(IF(('Teacher Calendar'!$D$97:$D$106<>"")*('Teacher Calendar'!$D$97:$D$106<>0),ROW('Teacher Calendar'!$D$97:$D$106)-ROW('Teacher Calendar'!$D$97)+1),6)),"")} | B41: {=IFERROR(INDEX('Teacher Calendar'!$E$97:$E$106,SMALL(IF(('Teacher Calendar'!$E$97:$E$106<>"")*('Teacher Calendar'!$E$97:$E$106<>0),ROW('Teacher Calendar'!$E$97:$E$106)-ROW('Teacher Calendar'!$E$97)+1),6)),"")} -> Activity | C41: {=IFERROR(INDEX('Teacher Calendar'!$F$97:$F$106,SMALL(IF(('Teacher Calendar'!$F$97:$F$106<>"")*('Teacher Calendar'!$F$97:$F$106<>0),ROW('Teacher Calendar'!$F$97:$F$106)-ROW('Teacher Calendar'!$F$97)+1),6)),"")} -> Activity | D41: {=IFERROR(INDEX('Teacher Calendar'!$G$97:$G$106,SMALL(IF(('Teacher Calendar'!$G$97:$G$106<>"")*('Teacher Calendar'!$G$97:$G$106<>0),ROW('Teacher Calendar'!$G$97:$G$106)-ROW('Teacher Calendar'!$G$97)+1),6)),"")} -> Activity | E41: {=IFERROR(INDEX('Teacher Calendar'!$H$97:$H$106,SMALL(IF(('Teacher Calendar'!$H$97:$H$106<>"")*('Teacher Calendar'!$H$97:$H$106<>0),ROW('Teacher Calendar'!$H$97:$H$106)-ROW('Teacher Calendar'!$H$97)+1),6)),"")} -> Activity
A42: {=IFERROR(INDEX('Teacher Calendar'!$D$97:$D$106,SMALL(IF(('Teacher Calendar'!$D$97:$D$106<>"")*('Teacher Calendar'!$D$97:$D$106<>0),ROW('Teacher Calendar'!$D$97:$D$106)-ROW('Teacher Calendar'!$D$97)+1),7)),"")} | B42: {=IFERROR(INDEX('Teacher Calendar'!$E$97:$E$106,SMALL(IF(('Teacher Calendar'!$E$97:$E$106<>"")*('Teacher Calendar'!$E$97:$E$106<>0),ROW('Teacher Calendar'!$E$97:$E$106)-ROW('Teacher Calendar'!$E$97)+1),7)),"")} -> Practice Set | C42: {=IFERROR(INDEX('Teacher Calendar'!$F$97:$F$106,SMALL(IF(('Teacher Calendar'!$F$97:$F$106<>"")*('Teacher Calendar'!$F$97:$F$106<>0),ROW('Teacher Calendar'!$F$97:$F$106)-ROW('Teacher Calendar'!$F$97)+1),7)),"")} -> Practice Set | D42: {=IFERROR(INDEX('Teacher Calendar'!$G$97:$G$106,SMALL(IF(('Teacher Calendar'!$G$97:$G$106<>"")*('Teacher Calendar'!$G$97:$G$106<>0),ROW('Teacher Calendar'!$G$97:$G$106)-ROW('Teacher Calendar'!$G$97)+1),7)),"")} -> Practice Set | E42: {=IFERROR(INDEX('Teacher Calendar'!$H$97:$H$106,SMALL(IF(('Teacher Calendar'!$H$97:$H$106<>"")*('Teacher Calendar'!$H$97:$H$106<>0),ROW('Teacher Calendar'!$H$97:$H$106)-ROW('Teacher Calendar'!$H$97)+1),7)),"")} -> Practice Set
A43: ='Teacher Calendar'!D123 -> 46293 | B43: ='Teacher Calendar'!E123 -> 46294 | C43: ='Teacher Calendar'!F123 -> 46295 | D43: ='Teacher Calendar'!G123 -> 46296 | E43: ='Teacher Calendar'!H123 -> 46297
A44: {=IFERROR(INDEX('Teacher Calendar'!$D$124:$D$133,SMALL(IF(('Teacher Calendar'!$D$124:$D$133<>"")*('Teacher Calendar'!$D$124:$D$133<>0),ROW('Teacher Calendar'!$D$124:$D$133)-ROW('Teacher Calendar'!$D$124)+1),1)),"")} -> 1.5: Force Models | B44: {=IFERROR(INDEX('Teacher Calendar'!$E$124:$E$133,SMALL(IF(('Teacher Calendar'!$E$124:$E$133<>"")*('Teacher Calendar'!$E$124:$E$133<>0),ROW('Teacher Calendar'!$E$124:$E$133)-ROW('Teacher Calendar'!$E$124)+1),1)),"")} -> 1.5: Force Models | C44: {=IFERROR(INDEX('Teacher Calendar'!$F$124:$F$133,SMALL(IF(('Teacher Calendar'!$F$124:$F$133<>"")*('Teacher Calendar'!$F$124:$F$133<>0),ROW('Teacher Calendar'!$F$124:$F$133)-ROW('Teacher Calendar'!$F$124)+1),1)),"")} -> Unit 1 Sum Assess | D44: {=IFERROR(INDEX('Teacher Calendar'!$G$124:$G$133,SMALL(IF(('Teacher Calendar'!$G$124:$G$133<>"")*('Teacher Calendar'!$G$124:$G$133<>0),ROW('Teacher Calendar'!$G$124:$G$133)-ROW('Teacher Calendar'!$G$124)+1),1)),"")} -> 2.1: Motion & Ref | E44: {=IFERROR(INDEX('Teacher Calendar'!$H$124:$H$133,SMALL(IF(('Teacher Calendar'!$H$124:$H$133<>"")*('Teacher Calendar'!$H$124:$H$133<>0),ROW('Teacher Calendar'!$H$124:$H$133)-ROW('Teacher Calendar'!$H$124)+1),1)),"")} -> 2.1: Motion & Ref
A45: {=IFERROR(INDEX('Teacher Calendar'!$D$124:$D$133,SMALL(IF(('Teacher Calendar'!$D$124:$D$133<>"")*('Teacher Calendar'!$D$124:$D$133<>0),ROW('Teacher Calendar'!$D$124:$D$133)-ROW('Teacher Calendar'!$D$124)+1),2)),"")} -> Warm Up | B45: {=IFERROR(INDEX('Teacher Calendar'!$E$124:$E$133,SMALL(IF(('Teacher Calendar'!$E$124:$E$133<>"")*('Teacher Calendar'!$E$124:$E$133<>0),ROW('Teacher Calendar'!$E$124:$E$133)-ROW('Teacher Calendar'!$E$124)+1),2)),"")} -> Warm Up | C45: {=IFERROR(INDEX('Teacher Calendar'!$F$124:$F$133,SMALL(IF(('Teacher Calendar'!$F$124:$F$133<>"")*('Teacher Calendar'!$F$124:$F$133<>0),ROW('Teacher Calendar'!$F$124:$F$133)-ROW('Teacher Calendar'!$F$124)+1),2)),"")} | D45: {=IFERROR(INDEX('Teacher Calendar'!$G$124:$G$133,SMALL(IF(('Teacher Calendar'!$G$124:$G$133<>"")*('Teacher Calendar'!$G$124:$G$133<>0),ROW('Teacher Calendar'!$G$124:$G$133)-ROW('Teacher Calendar'!$G$124)+1),2)),"")} -> Warm Up | E45: {=IFERROR(INDEX('Teacher Calendar'!$H$124:$H$133,SMALL(IF(('Teacher Calendar'!$H$124:$H$133<>"")*('Teacher Calendar'!$H$124:$H$133<>0),ROW('Teacher Calendar'!$H$124:$H$133)-ROW('Teacher Calendar'!$H$124)+1),2)),"")} -> Warm Up
A46: {=IFERROR(INDEX('Teacher Calendar'!$D$124:$D$133,SMALL(IF(('Teacher Calendar'!$D$124:$D$133<>"")*('Teacher Calendar'!$D$124:$D$133<>0),ROW('Teacher Calendar'!$D$124:$D$133)-ROW('Teacher Calendar'!$D$124)+1),3)),"")} -> Demo | B46: {=IFERROR(INDEX('Teacher Calendar'!$E$124:$E$133,SMALL(IF(('Teacher Calendar'!$E$124:$E$133<>"")*('Teacher Calendar'!$E$124:$E$133<>0),ROW('Teacher Calendar'!$E$124:$E$133)-ROW('Teacher Calendar'!$E$124)+1),3)),"")} -> Demo | C46: {=IFERROR(INDEX('Teacher Calendar'!$F$124:$F$133,SMALL(IF(('Teacher Calendar'!$F$124:$F$133<>"")*('Teacher Calendar'!$F$124:$F$133<>0),ROW('Teacher Calendar'!$F$124:$F$133)-ROW('Teacher Calendar'!$F$124)+1),3)),"")} | D46: {=IFERROR(INDEX('Teacher Calendar'!$G$124:$G$133,SMALL(IF(('Teacher Calendar'!$G$124:$G$133<>"")*('Teacher Calendar'!$G$124:$G$133<>0),ROW('Teacher Calendar'!$G$124:$G$133)-ROW('Teacher Calendar'!$G$124)+1),3)),"")} -> Demo | E46: {=IFERROR(INDEX('Teacher Calendar'!$H$124:$H$133,SMALL(IF(('Teacher Calendar'!$H$124:$H$133<>"")*('Teacher Calendar'!$H$124:$H$133<>0),ROW('Teacher Calendar'!$H$124:$H$133)-ROW('Teacher Calendar'!$H$124)+1),3)),"")} -> Demo
A47: {=IFERROR(INDEX('Teacher Calendar'!$D$124:$D$133,SMALL(IF(('Teacher Calendar'!$D$124:$D$133<>"")*('Teacher Calendar'!$D$124:$D$133<>0),ROW('Teacher Calendar'!$D$124:$D$133)-ROW('Teacher Calendar'!$D$124)+1),4)),"")} -> Notes | B47: {=IFERROR(INDEX('Teacher Calendar'!$E$124:$E$133,SMALL(IF(('Teacher Calendar'!$E$124:$E$133<>"")*('Teacher Calendar'!$E$124:$E$133<>0),ROW('Teacher Calendar'!$E$124:$E$133)-ROW('Teacher Calendar'!$E$124)+1),4)),"")} -> Notes | C47: {=IFERROR(INDEX('Teacher Calendar'!$F$124:$F$133,SMALL(IF(('Teacher Calendar'!$F$124:$F$133<>"")*('Teacher Calendar'!$F$124:$F$133<>0),ROW('Teacher Calendar'!$F$124:$F$133)-ROW('Teacher Calendar'!$F$124)+1),4)),"")} | D47: {=IFERROR(INDEX('Teacher Calendar'!$G$124:$G$133,SMALL(IF(('Teacher Calendar'!$G$124:$G$133<>"")*('Teacher Calendar'!$G$124:$G$133<>0),ROW('Teacher Calendar'!$G$124:$G$133)-ROW('Teacher Calendar'!$G$124)+1),4)),"")} -> Notes | E47: {=IFERROR(INDEX('Teacher Calendar'!$H$124:$H$133,SMALL(IF(('Teacher Calendar'!$H$124:$H$133<>"")*('Teacher Calendar'!$H$124:$H$133<>0),ROW('Teacher Calendar'!$H$124:$H$133)-ROW('Teacher Calendar'!$H$124)+1),4)),"")} -> Notes
A48: {=IFERROR(INDEX('Teacher Calendar'!$D$124:$D$133,SMALL(IF(('Teacher Calendar'!$D$124:$D$133<>"")*('Teacher Calendar'!$D$124:$D$133<>0),ROW('Teacher Calendar'!$D$124:$D$133)-ROW('Teacher Calendar'!$D$124)+1),5)),"")} -> Investigation | B48: {=IFERROR(INDEX('Teacher Calendar'!$E$124:$E$133,SMALL(IF(('Teacher Calendar'!$E$124:$E$133<>"")*('Teacher Calendar'!$E$124:$E$133<>0),ROW('Teacher Calendar'!$E$124:$E$133)-ROW('Teacher Calendar'!$E$124)+1),5)),"")} -> Investigation | C48: {=IFERROR(INDEX('Teacher Calendar'!$F$124:$F$133,SMALL(IF(('Teacher Calendar'!$F$124:$F$133<>"")*('Teacher Calendar'!$F$124:$F$133<>0),ROW('Teacher Calendar'!$F$124:$F$133)-ROW('Teacher Calendar'!$F$124)+1),5)),"")} | D48: {=IFERROR(INDEX('Teacher Calendar'!$G$124:$G$133,SMALL(IF(('Teacher Calendar'!$G$124:$G$133<>"")*('Teacher Calendar'!$G$124:$G$133<>0),ROW('Teacher Calendar'!$G$124:$G$133)-ROW('Teacher Calendar'!$G$124)+1),5)),"")} -> Investigation | E48: {=IFERROR(INDEX('Teacher Calendar'!$H$124:$H$133,SMALL(IF(('Teacher Calendar'!$H$124:$H$133<>"")*('Teacher Calendar'!$H$124:$H$133<>0),ROW('Teacher Calendar'!$H$124:$H$133)-ROW('Teacher Calendar'!$H$124)+1),5)),"")} -> Investigation
A49: {=IFERROR(INDEX('Teacher Calendar'!$D$124:$D$133,SMALL(IF(('Teacher Calendar'!$D$124:$D$133<>"")*('Teacher Calendar'!$D$124:$D$133<>0),ROW('Teacher Calendar'!$D$124:$D$133)-ROW('Teacher Calendar'!$D$124)+1),6)),"")} -> Activity | B49: {=IFERROR(INDEX('Teacher Calendar'!$E$124:$E$133,SMALL(IF(('Teacher Calendar'!$E$124:$E$133<>"")*('Teacher Calendar'!$E$124:$E$133<>0),ROW('Teacher Calendar'!$E$124:$E$133)-ROW('Teacher Calendar'!$E$124)+1),6)),"")} -> Activity | C49: {=IFERROR(INDEX('Teacher Calendar'!$F$124:$F$133,SMALL(IF(('Teacher Calendar'!$F$124:$F$133<>"")*('Teacher Calendar'!$F$124:$F$133<>0),ROW('Teacher Calendar'!$F$124:$F$133)-ROW('Teacher Calendar'!$F$124)+1),6)),"")} | D49: {=IFERROR(INDEX('Teacher Calendar'!$G$124:$G$133,SMALL(IF(('Teacher Calendar'!$G$124:$G$133<>"")*('Teacher Calendar'!$G$124:$G$133<>0),ROW('Teacher Calendar'!$G$124:$G$133)-ROW('Teacher Calendar'!$G$124)+1),6)),"")} -> Activity | E49: {=IFERROR(INDEX('Teacher Calendar'!$H$124:$H$133,SMALL(IF(('Teacher Calendar'!$H$124:$H$133<>"")*('Teacher Calendar'!$H$124:$H$133<>0),ROW('Teacher Calendar'!$H$124:$H$133)-ROW('Teacher Calendar'!$H$124)+1),6)),"")} -> Activity
A50: {=IFERROR(INDEX('Teacher Calendar'!$D$124:$D$133,SMALL(IF(('Teacher Calendar'!$D$124:$D$133<>"")*('Teacher Calendar'!$D$124:$D$133<>0),ROW('Teacher Calendar'!$D$124:$D$133)-ROW('Teacher Calendar'!$D$124)+1),7)),"")} -> Practice Set | B50: {=IFERROR(INDEX('Teacher Calendar'!$E$124:$E$133,SMALL(IF(('Teacher Calendar'!$E$124:$E$133<>"")*('Teacher Calendar'!$E$124:$E$133<>0),ROW('Teacher Calendar'!$E$124:$E$133)-ROW('Teacher Calendar'!$E$124)+1),7)),"")} -> Practice Set | C50: {=IFERROR(INDEX('Teacher Calendar'!$F$124:$F$133,SMALL(IF(('Teacher Calendar'!$F$124:$F$133<>"")*('Teacher Calendar'!$F$124:$F$133<>0),ROW('Teacher Calendar'!$F$124:$F$133)-ROW('Teacher Calendar'!$F$124)+1),7)),"")} | D50: {=IFERROR(INDEX('Teacher Calendar'!$G$124:$G$133,SMALL(IF(('Teacher Calendar'!$G$124:$G$133<>"")*('Teacher Calendar'!$G$124:$G$133<>0),ROW('Teacher Calendar'!$G$124:$G$133)-ROW('Teacher Calendar'!$G$124)+1),7)),"")} -> Practice Set | E50: {=IFERROR(INDEX('Teacher Calendar'!$H$124:$H$133,SMALL(IF(('Teacher Calendar'!$H$124:$H$133<>"")*('Teacher Calendar'!$H$124:$H$133<>0),ROW('Teacher Calendar'!$H$124:$H$133)-ROW('Teacher Calendar'!$H$124)+1),7)),"")} -> Practice Set
A51: ='Teacher Calendar'!D150 -> 46300 | B51: ='Teacher Calendar'!E150 -> 46301 | C51: ='Teacher Calendar'!F150 -> 46302 | D51: ='Teacher Calendar'!G150 -> 46303 | E51: ='Teacher Calendar'!H150 -> 46304
A52: {=IFERROR(INDEX('Teacher Calendar'!$D$151:$D$160,SMALL(IF(('Teacher Calendar'!$D$151:$D$160<>"")*('Teacher Calendar'!$D$151:$D$160<>0),ROW('Teacher Calendar'!$D$151:$D$160)-ROW('Teacher Calendar'!$D$151)+1),1)),"")} -> 2.1: Motion & Ref | B52: {=IFERROR(INDEX('Teacher Calendar'!$E$151:$E$160,SMALL(IF(('Teacher Calendar'!$E$151:$E$160<>"")*('Teacher Calendar'!$E$151:$E$160<>0),ROW('Teacher Calendar'!$E$151:$E$160)-ROW('Teacher Calendar'!$E$151)+1),1)),"")} -> 2.2: Speed & Vel | C52: {=IFERROR(INDEX('Teacher Calendar'!$F$151:$F$160,SMALL(IF(('Teacher Calendar'!$F$151:$F$160<>"")*('Teacher Calendar'!$F$151:$F$160<>0),ROW('Teacher Calendar'!$F$151:$F$160)-ROW('Teacher Calendar'!$F$151)+1),1)),"")} -> 2.2: Speed & Vel | D52: {=IFERROR(INDEX('Teacher Calendar'!$G$151:$G$160,SMALL(IF(('Teacher Calendar'!$G$151:$G$160<>"")*('Teacher Calendar'!$G$151:$G$160<>0),ROW('Teacher Calendar'!$G$151:$G$160)-ROW('Teacher Calendar'!$G$151)+1),1)),"")} -> 2.2: Speed & Vel | E52: {=IFERROR(INDEX('Teacher Calendar'!$H$151:$H$160,SMALL(IF(('Teacher Calendar'!$H$151:$H$160<>"")*('Teacher Calendar'!$H$151:$H$160<>0),ROW('Teacher Calendar'!$H$151:$H$160)-ROW('Teacher Calendar'!$H$151)+1),1)),"")} -> 2.3: Acceleration
A53: {=IFERROR(INDEX('Teacher Calendar'!$D$151:$D$160,SMALL(IF(('Teacher Calendar'!$D$151:$D$160<>"")*('Teacher Calendar'!$D$151:$D$160<>0),ROW('Teacher Calendar'!$D$151:$D$160)-ROW('Teacher Calendar'!$D$151)+1),2)),"")} -> Warm Up | B53: {=IFERROR(INDEX('Teacher Calendar'!$E$151:$E$160,SMALL(IF(('Teacher Calendar'!$E$151:$E$160<>"")*('Teacher Calendar'!$E$151:$E$160<>0),ROW('Teacher Calendar'!$E$151:$E$160)-ROW('Teacher Calendar'!$E$151)+1),2)),"")} -> Warm Up | C53: {=IFERROR(INDEX('Teacher Calendar'!$F$151:$F$160,SMALL(IF(('Teacher Calendar'!$F$151:$F$160<>"")*('Teacher Calendar'!$F$151:$F$160<>0),ROW('Teacher Calendar'!$F$151:$F$160)-ROW('Teacher Calendar'!$F$151)+1),2)),"")} -> Warm Up | D53: {=IFERROR(INDEX('Teacher Calendar'!$G$151:$G$160,SMALL(IF(('Teacher Calendar'!$G$151:$G$160<>"")*('Teacher Calendar'!$G$151:$G$160<>0),ROW('Teacher Calendar'!$G$151:$G$160)-ROW('Teacher Calendar'!$G$151)+1),2)),"")} -> Warm Up | E53: {=IFERROR(INDEX('Teacher Calendar'!$H$151:$H$160,SMALL(IF(('Teacher Calendar'!$H$151:$H$160<>"")*('Teacher Calendar'!$H$151:$H$160<>0),ROW('Teacher Calendar'!$H$151:$H$160)-ROW('Teacher Calendar'!$H$151)+1),2)),"")} -> Warm Up
A54: {=IFERROR(INDEX('Teacher Calendar'!$D$151:$D$160,SMALL(IF(('Teacher Calendar'!$D$151:$D$160<>"")*('Teacher Calendar'!$D$151:$D$160<>0),ROW('Teacher Calendar'!$D$151:$D$160)-ROW('Teacher Calendar'!$D$151)+1),3)),"")} -> Demo | B54: {=IFERROR(INDEX('Teacher Calendar'!$E$151:$E$160,SMALL(IF(('Teacher Calendar'!$E$151:$E$160<>"")*('Teacher Calendar'!$E$151:$E$160<>0),ROW('Teacher Calendar'!$E$151:$E$160)-ROW('Teacher Calendar'!$E$151)+1),3)),"")} -> Demo | C54: {=IFERROR(INDEX('Teacher Calendar'!$F$151:$F$160,SMALL(IF(('Teacher Calendar'!$F$151:$F$160<>"")*('Teacher Calendar'!$F$151:$F$160<>0),ROW('Teacher Calendar'!$F$151:$F$160)-ROW('Teacher Calendar'!$F$151)+1),3)),"")} -> Demo | D54: {=IFERROR(INDEX('Teacher Calendar'!$G$151:$G$160,SMALL(IF(('Teacher Calendar'!$G$151:$G$160<>"")*('Teacher Calendar'!$G$151:$G$160<>0),ROW('Teacher Calendar'!$G$151:$G$160)-ROW('Teacher Calendar'!$G$151)+1),3)),"")} -> Demo | E54: {=IFERROR(INDEX('Teacher Calendar'!$H$151:$H$160,SMALL(IF(('Teacher Calendar'!$H$151:$H$160<>"")*('Teacher Calendar'!$H$151:$H$160<>0),ROW('Teacher Calendar'!$H$151:$H$160)-ROW('Teacher Calendar'!$H$151)+1),3)),"")} -> Demo
A55: {=IFERROR(INDEX('Teacher Calendar'!$D$151:$D$160,SMALL(IF(('Teacher Calendar'!$D$151:$D$160<>"")*('Teacher Calendar'!$D$151:$D$160<>0),ROW('Teacher Calendar'!$D$151:$D$160)-ROW('Teacher Calendar'!$D$151)+1),4)),"")} -> Notes | B55: {=IFERROR(INDEX('Teacher Calendar'!$E$151:$E$160,SMALL(IF(('Teacher Calendar'!$E$151:$E$160<>"")*('Teacher Calendar'!$E$151:$E$160<>0),ROW('Teacher Calendar'!$E$151:$E$160)-ROW('Teacher Calendar'!$E$151)+1),4)),"")} -> Notes | C55: {=IFERROR(INDEX('Teacher Calendar'!$F$151:$F$160,SMALL(IF(('Teacher Calendar'!$F$151:$F$160<>"")*('Teacher Calendar'!$F$151:$F$160<>0),ROW('Teacher Calendar'!$F$151:$F$160)-ROW('Teacher Calendar'!$F$151)+1),4)),"")} -> Notes | D55: {=IFERROR(INDEX('Teacher Calendar'!$G$151:$G$160,SMALL(IF(('Teacher Calendar'!$G$151:$G$160<>"")*('Teacher Calendar'!$G$151:$G$160<>0),ROW('Teacher Calendar'!$G$151:$G$160)-ROW('Teacher Calendar'!$G$151)+1),4)),"")} -> Notes | E55: {=IFERROR(INDEX('Teacher Calendar'!$H$151:$H$160,SMALL(IF(('Teacher Calendar'!$H$151:$H$160<>"")*('Teacher Calendar'!$H$151:$H$160<>0),ROW('Teacher Calendar'!$H$151:$H$160)-ROW('Teacher Calendar'!$H$151)+1),4)),"")} -> Notes
A56: {=IFERROR(INDEX('Teacher Calendar'!$D$151:$D$160,SMALL(IF(('Teacher Calendar'!$D$151:$D$160<>"")*('Teacher Calendar'!$D$151:$D$160<>0),ROW('Teacher Calendar'!$D$151:$D$160)-ROW('Teacher Calendar'!$D$151)+1),5)),"")} -> Investigation | B56: {=IFERROR(INDEX('Teacher Calendar'!$E$151:$E$160,SMALL(IF(('Teacher Calendar'!$E$151:$E$160<>"")*('Teacher Calendar'!$E$151:$E$160<>0),ROW('Teacher Calendar'!$E$151:$E$160)-ROW('Teacher Calendar'!$E$151)+1),5)),"")} -> Investigation | C56: {=IFERROR(INDEX('Teacher Calendar'!$F$151:$F$160,SMALL(IF(('Teacher Calendar'!$F$151:$F$160<>"")*('Teacher Calendar'!$F$151:$F$160<>0),ROW('Teacher Calendar'!$F$151:$F$160)-ROW('Teacher Calendar'!$F$151)+1),5)),"")} -> Investigation | D56: {=IFERROR(INDEX('Teacher Calendar'!$G$151:$G$160,SMALL(IF(('Teacher Calendar'!$G$151:$G$160<>"")*('Teacher Calendar'!$G$151:$G$160<>0),ROW('Teacher Calendar'!$G$151:$G$160)-ROW('Teacher Calendar'!$G$151)+1),5)),"")} -> Investigation | E56: {=IFERROR(INDEX('Teacher Calendar'!$H$151:$H$160,SMALL(IF(('Teacher Calendar'!$H$151:$H$160<>"")*('Teacher Calendar'!$H$151:$H$160<>0),ROW('Teacher Calendar'!$H$151:$H$160)-ROW('Teacher Calendar'!$H$151)+1),5)),"")} -> Investigation
A57: {=IFERROR(INDEX('Teacher Calendar'!$D$151:$D$160,SMALL(IF(('Teacher Calendar'!$D$151:$D$160<>"")*('Teacher Calendar'!$D$151:$D$160<>0),ROW('Teacher Calendar'!$D$151:$D$160)-ROW('Teacher Calendar'!$D$151)+1),6)),"")} -> Activity | B57: {=IFERROR(INDEX('Teacher Calendar'!$E$151:$E$160,SMALL(IF(('Teacher Calendar'!$E$151:$E$160<>"")*('Teacher Calendar'!$E$151:$E$160<>0),ROW('Teacher Calendar'!$E$151:$E$160)-ROW('Teacher Calendar'!$E$151)+1),6)),"")} -> Activity | C57: {=IFERROR(INDEX('Teacher Calendar'!$F$151:$F$160,SMALL(IF(('Teacher Calendar'!$F$151:$F$160<>"")*('Teacher Calendar'!$F$151:$F$160<>0),ROW('Teacher Calendar'!$F$151:$F$160)-ROW('Teacher Calendar'!$F$151)+1),6)),"")} -> Activity | D57: {=IFERROR(INDEX('Teacher Calendar'!$G$151:$G$160,SMALL(IF(('Teacher Calendar'!$G$151:$G$160<>"")*('Teacher Calendar'!$G$151:$G$160<>0),ROW('Teacher Calendar'!$G$151:$G$160)-ROW('Teacher Calendar'!$G$151)+1),6)),"")} -> Activity | E57: {=IFERROR(INDEX('Teacher Calendar'!$H$151:$H$160,SMALL(IF(('Teacher Calendar'!$H$151:$H$160<>"")*('Teacher Calendar'!$H$151:$H$160<>0),ROW('Teacher Calendar'!$H$151:$H$160)-ROW('Teacher Calendar'!$H$151)+1),6)),"")} -> Activity
A58: {=IFERROR(INDEX('Teacher Calendar'!$D$151:$D$160,SMALL(IF(('Teacher Calendar'!$D$151:$D$160<>"")*('Teacher Calendar'!$D$151:$D$160<>0),ROW('Teacher Calendar'!$D$151:$D$160)-ROW('Teacher Calendar'!$D$151)+1),7)),"")} -> Practice Set | B58: {=IFERROR(INDEX('Teacher Calendar'!$E$151:$E$160,SMALL(IF(('Teacher Calendar'!$E$151:$E$160<>"")*('Teacher Calendar'!$E$151:$E$160<>0),ROW('Teacher Calendar'!$E$151:$E$160)-ROW('Teacher Calendar'!$E$151)+1),7)),"")} -> Practice Set | C58: {=IFERROR(INDEX('Teacher Calendar'!$F$151:$F$160,SMALL(IF(('Teacher Calendar'!$F$151:$F$160<>"")*('Teacher Calendar'!$F$151:$F$160<>0),ROW('Teacher Calendar'!$F$151:$F$160)-ROW('Teacher Calendar'!$F$151)+1),7)),"")} -> Practice Set | D58: {=IFERROR(INDEX('Teacher Calendar'!$G$151:$G$160,SMALL(IF(('Teacher Calendar'!$G$151:$G$160<>"")*('Teacher Calendar'!$G$151:$G$160<>0),ROW('Teacher Calendar'!$G$151:$G$160)-ROW('Teacher Calendar'!$G$151)+1),7)),"")} -> Practice Set | E58: {=IFERROR(INDEX('Teacher Calendar'!$H$151:$H$160,SMALL(IF(('Teacher Calendar'!$H$151:$H$160<>"")*('Teacher Calendar'!$H$151:$H$160<>0),ROW('Teacher Calendar'!$H$151:$H$160)-ROW('Teacher Calendar'!$H$151)+1),7)),"")} -> Practice Set
A59: ='Teacher Calendar'!D177 -> 46307 | B59: ='Teacher Calendar'!E177 -> 46308 | C59: ='Teacher Calendar'!F177 -> 46309 | D59: ='Teacher Calendar'!G177 -> 46310 | E59: ='Teacher Calendar'!H177 -> 46311
A60: {=IFERROR(INDEX('Teacher Calendar'!$D$178:$D$187,SMALL(IF(('Teacher Calendar'!$D$178:$D$187<>"")*('Teacher Calendar'!$D$178:$D$187<>0),ROW('Teacher Calendar'!$D$178:$D$187)-ROW('Teacher Calendar'!$D$178)+1),1)),"")} -> 2.3: Acceleration | B60: {=IFERROR(INDEX('Teacher Calendar'!$E$178:$E$187,SMALL(IF(('Teacher Calendar'!$E$178:$E$187<>"")*('Teacher Calendar'!$E$178:$E$187<>0),ROW('Teacher Calendar'!$E$178:$E$187)-ROW('Teacher Calendar'!$E$178)+1),1)),"")} -> 2.3: Acceleration | C60: {=IFERROR(INDEX('Teacher Calendar'!$F$178:$F$187,SMALL(IF(('Teacher Calendar'!$F$178:$F$187<>"")*('Teacher Calendar'!$F$178:$F$187<>0),ROW('Teacher Calendar'!$F$178:$F$187)-ROW('Teacher Calendar'!$F$178)+1),1)),"")} -> 2.4: Free Fall | D60: {=IFERROR(INDEX('Teacher Calendar'!$G$178:$G$187,SMALL(IF(('Teacher Calendar'!$G$178:$G$187<>"")*('Teacher Calendar'!$G$178:$G$187<>0),ROW('Teacher Calendar'!$G$178:$G$187)-ROW('Teacher Calendar'!$G$178)+1),1)),"")} -> 2.4: Free Fall | E60: {=IFERROR(INDEX('Teacher Calendar'!$H$178:$H$187,SMALL(IF(('Teacher Calendar'!$H$178:$H$187<>"")*('Teacher Calendar'!$H$178:$H$187<>0),ROW('Teacher Calendar'!$H$178:$H$187)-ROW('Teacher Calendar'!$H$178)+1),1)),"")} -> 2.4: Free Fall
A61: {=IFERROR(INDEX('Teacher Calendar'!$D$178:$D$187,SMALL(IF(('Teacher Calendar'!$D$178:$D$187<>"")*('Teacher Calendar'!$D$178:$D$187<>0),ROW('Teacher Calendar'!$D$178:$D$187)-ROW('Teacher Calendar'!$D$178)+1),2)),"")} -> Warm Up | B61: {=IFERROR(INDEX('Teacher Calendar'!$E$178:$E$187,SMALL(IF(('Teacher Calendar'!$E$178:$E$187<>"")*('Teacher Calendar'!$E$178:$E$187<>0),ROW('Teacher Calendar'!$E$178:$E$187)-ROW('Teacher Calendar'!$E$178)+1),2)),"")} -> Warm Up | C61: {=IFERROR(INDEX('Teacher Calendar'!$F$178:$F$187,SMALL(IF(('Teacher Calendar'!$F$178:$F$187<>"")*('Teacher Calendar'!$F$178:$F$187<>0),ROW('Teacher Calendar'!$F$178:$F$187)-ROW('Teacher Calendar'!$F$178)+1),2)),"")} -> Warm Up | D61: {=IFERROR(INDEX('Teacher Calendar'!$G$178:$G$187,SMALL(IF(('Teacher Calendar'!$G$178:$G$187<>"")*('Teacher Calendar'!$G$178:$G$187<>0),ROW('Teacher Calendar'!$G$178:$G$187)-ROW('Teacher Calendar'!$G$178)+1),2)),"")} -> Warm Up | E61: {=IFERROR(INDEX('Teacher Calendar'!$H$178:$H$187,SMALL(IF(('Teacher Calendar'!$H$178:$H$187<>"")*('Teacher Calendar'!$H$178:$H$187<>0),ROW('Teacher Calendar'!$H$178:$H$187)-ROW('Teacher Calendar'!$H$178)+1),2)),"")} -> Warm Up
A62: {=IFERROR(INDEX('Teacher Calendar'!$D$178:$D$187,SMALL(IF(('Teacher Calendar'!$D$178:$D$187<>"")*('Teacher Calendar'!$D$178:$D$187<>0),ROW('Teacher Calendar'!$D$178:$D$187)-ROW('Teacher Calendar'!$D$178)+1),3)),"")} -> Demo | B62: {=IFERROR(INDEX('Teacher Calendar'!$E$178:$E$187,SMALL(IF(('Teacher Calendar'!$E$178:$E$187<>"")*('Teacher Calendar'!$E$178:$E$187<>0),ROW('Teacher Calendar'!$E$178:$E$187)-ROW('Teacher Calendar'!$E$178)+1),3)),"")} -> Demo | C62: {=IFERROR(INDEX('Teacher Calendar'!$F$178:$F$187,SMALL(IF(('Teacher Calendar'!$F$178:$F$187<>"")*('Teacher Calendar'!$F$178:$F$187<>0),ROW('Teacher Calendar'!$F$178:$F$187)-ROW('Teacher Calendar'!$F$178)+1),3)),"")} -> Demo | D62: {=IFERROR(INDEX('Teacher Calendar'!$G$178:$G$187,SMALL(IF(('Teacher Calendar'!$G$178:$G$187<>"")*('Teacher Calendar'!$G$178:$G$187<>0),ROW('Teacher Calendar'!$G$178:$G$187)-ROW('Teacher Calendar'!$G$178)+1),3)),"")} -> Demo | E62: {=IFERROR(INDEX('Teacher Calendar'!$H$178:$H$187,SMALL(IF(('Teacher Calendar'!$H$178:$H$187<>"")*('Teacher Calendar'!$H$178:$H$187<>0),ROW('Teacher Calendar'!$H$178:$H$187)-ROW('Teacher Calendar'!$H$178)+1),3)),"")} -> Demo
A63: {=IFERROR(INDEX('Teacher Calendar'!$D$178:$D$187,SMALL(IF(('Teacher Calendar'!$D$178:$D$187<>"")*('Teacher Calendar'!$D$178:$D$187<>0),ROW('Teacher Calendar'!$D$178:$D$187)-ROW('Teacher Calendar'!$D$178)+1),4)),"")} -> Notes | B63: {=IFERROR(INDEX('Teacher Calendar'!$E$178:$E$187,SMALL(IF(('Teacher Calendar'!$E$178:$E$187<>"")*('Teacher Calendar'!$E$178:$E$187<>0),ROW('Teacher Calendar'!$E$178:$E$187)-ROW('Teacher Calendar'!$E$178)+1),4)),"")} -> Notes | C63: {=IFERROR(INDEX('Teacher Calendar'!$F$178:$F$187,SMALL(IF(('Teacher Calendar'!$F$178:$F$187<>"")*('Teacher Calendar'!$F$178:$F$187<>0),ROW('Teacher Calendar'!$F$178:$F$187)-ROW('Teacher Calendar'!$F$178)+1),4)),"")} -> Notes | D63: {=IFERROR(INDEX('Teacher Calendar'!$G$178:$G$187,SMALL(IF(('Teacher Calendar'!$G$178:$G$187<>"")*('Teacher Calendar'!$G$178:$G$187<>0),ROW('Teacher Calendar'!$G$178:$G$187)-ROW('Teacher Calendar'!$G$178)+1),4)),"")} -> Notes | E63: {=IFERROR(INDEX('Teacher Calendar'!$H$178:$H$187,SMALL(IF(('Teacher Calendar'!$H$178:$H$187<>"")*('Teacher Calendar'!$H$178:$H$187<>0),ROW('Teacher Calendar'!$H$178:$H$187)-ROW('Teacher Calendar'!$H$178)+1),4)),"")} -> Notes
A64: {=IFERROR(INDEX('Teacher Calendar'!$D$178:$D$187,SMALL(IF(('Teacher Calendar'!$D$178:$D$187<>"")*('Teacher Calendar'!$D$178:$D$187<>0),ROW('Teacher Calendar'!$D$178:$D$187)-ROW('Teacher Calendar'!$D$178)+1),5)),"")} -> Investigation | B64: {=IFERROR(INDEX('Teacher Calendar'!$E$178:$E$187,SMALL(IF(('Teacher Calendar'!$E$178:$E$187<>"")*('Teacher Calendar'!$E$178:$E$187<>0),ROW('Teacher Calendar'!$E$178:$E$187)-ROW('Teacher Calendar'!$E$178)+1),5)),"")} -> Investigation | C64: {=IFERROR(INDEX('Teacher Calendar'!$F$178:$F$187,SMALL(IF(('Teacher Calendar'!$F$178:$F$187<>"")*('Teacher Calendar'!$F$178:$F$187<>0),ROW('Teacher Calendar'!$F$178:$F$187)-ROW('Teacher Calendar'!$F$178)+1),5)),"")} -> Investigation | D64: {=IFERROR(INDEX('Teacher Calendar'!$G$178:$G$187,SMALL(IF(('Teacher Calendar'!$G$178:$G$187<>"")*('Teacher Calendar'!$G$178:$G$187<>0),ROW('Teacher Calendar'!$G$178:$G$187)-ROW('Teacher Calendar'!$G$178)+1),5)),"")} -> Investigation | E64: {=IFERROR(INDEX('Teacher Calendar'!$H$178:$H$187,SMALL(IF(('Teacher Calendar'!$H$178:$H$187<>"")*('Teacher Calendar'!$H$178:$H$187<>0),ROW('Teacher Calendar'!$H$178:$H$187)-ROW('Teacher Calendar'!$H$178)+1),5)),"")} -> Investigation
A65: {=IFERROR(INDEX('Teacher Calendar'!$D$178:$D$187,SMALL(IF(('Teacher Calendar'!$D$178:$D$187<>"")*('Teacher Calendar'!$D$178:$D$187<>0),ROW('Teacher Calendar'!$D$178:$D$187)-ROW('Teacher Calendar'!$D$178)+1),6)),"")} -> Activity | B65: {=IFERROR(INDEX('Teacher Calendar'!$E$178:$E$187,SMALL(IF(('Teacher Calendar'!$E$178:$E$187<>"")*('Teacher Calendar'!$E$178:$E$187<>0),ROW('Teacher Calendar'!$E$178:$E$187)-ROW('Teacher Calendar'!$E$178)+1),6)),"")} -> Activity | C65: {=IFERROR(INDEX('Teacher Calendar'!$F$178:$F$187,SMALL(IF(('Teacher Calendar'!$F$178:$F$187<>"")*('Teacher Calendar'!$F$178:$F$187<>0),ROW('Teacher Calendar'!$F$178:$F$187)-ROW('Teacher Calendar'!$F$178)+1),6)),"")} -> Activity | D65: {=IFERROR(INDEX('Teacher Calendar'!$G$178:$G$187,SMALL(IF(('Teacher Calendar'!$G$178:$G$187<>"")*('Teacher Calendar'!$G$178:$G$187<>0),ROW('Teacher Calendar'!$G$178:$G$187)-ROW('Teacher Calendar'!$G$178)+1),6)),"")} -> Activity | E65: {=IFERROR(INDEX('Teacher Calendar'!$H$178:$H$187,SMALL(IF(('Teacher Calendar'!$H$178:$H$187<>"")*('Teacher Calendar'!$H$178:$H$187<>0),ROW('Teacher Calendar'!$H$178:$H$187)-ROW('Teacher Calendar'!$H$178)+1),6)),"")} -> Activity
A66: {=IFERROR(INDEX('Teacher Calendar'!$D$178:$D$187,SMALL(IF(('Teacher Calendar'!$D$178:$D$187<>"")*('Teacher Calendar'!$D$178:$D$187<>0),ROW('Teacher Calendar'!$D$178:$D$187)-ROW('Teacher Calendar'!$D$178)+1),7)),"")} -> Practice Set | B66: {=IFERROR(INDEX('Teacher Calendar'!$E$178:$E$187,SMALL(IF(('Teacher Calendar'!$E$178:$E$187<>"")*('Teacher Calendar'!$E$178:$E$187<>0),ROW('Teacher Calendar'!$E$178:$E$187)-ROW('Teacher Calendar'!$E$178)+1),7)),"")} -> Practice Set | C66: {=IFERROR(INDEX('Teacher Calendar'!$F$178:$F$187,SMALL(IF(('Teacher Calendar'!$F$178:$F$187<>"")*('Teacher Calendar'!$F$178:$F$187<>0),ROW('Teacher Calendar'!$F$178:$F$187)-ROW('Teacher Calendar'!$F$178)+1),7)),"")} -> Practice Set | D66: {=IFERROR(INDEX('Teacher Calendar'!$G$178:$G$187,SMALL(IF(('Teacher Calendar'!$G$178:$G$187<>"")*('Teacher Calendar'!$G$178:$G$187<>0),ROW('Teacher Calendar'!$G$178:$G$187)-ROW('Teacher Calendar'!$G$178)+1),7)),"")} -> Practice Set | E66: {=IFERROR(INDEX('Teacher Calendar'!$H$178:$H$187,SMALL(IF(('Teacher Calendar'!$H$178:$H$187<>"")*('Teacher Calendar'!$H$178:$H$187<>0),ROW('Teacher Calendar'!$H$178:$H$187)-ROW('Teacher Calendar'!$H$178)+1),7)),"")} -> Practice Set
A67: ='Teacher Calendar'!D204 -> 46314 | B67: ='Teacher Calendar'!E204 -> 46315 | C67: ='Teacher Calendar'!F204 -> 46316 | D67: ='Teacher Calendar'!G204 -> 46317 | E67: ='Teacher Calendar'!H204 -> 46318
A68: {=IFERROR(INDEX('Teacher Calendar'!$D$205:$D$214,SMALL(IF(('Teacher Calendar'!$D$205:$D$214<>"")*('Teacher Calendar'!$D$205:$D$214<>0),ROW('Teacher Calendar'!$D$205:$D$214)-ROW('Teacher Calendar'!$D$205)+1),1)),"")} -> 2.5: Vel Vectors | B68: {=IFERROR(INDEX('Teacher Calendar'!$E$205:$E$214,SMALL(IF(('Teacher Calendar'!$E$205:$E$214<>"")*('Teacher Calendar'!$E$205:$E$214<>0),ROW('Teacher Calendar'!$E$205:$E$214)-ROW('Teacher Calendar'!$E$205)+1),1)),"")} -> 2.5: Vel Vectors | C68: {=IFERROR(INDEX('Teacher Calendar'!$F$205:$F$214,SMALL(IF(('Teacher Calendar'!$F$205:$F$214<>"")*('Teacher Calendar'!$F$205:$F$214<>0),ROW('Teacher Calendar'!$F$205:$F$214)-ROW('Teacher Calendar'!$F$205)+1),1)),"")} -> 2.5: Vel Vectors | D68: {=IFERROR(INDEX('Teacher Calendar'!$G$205:$G$214,SMALL(IF(('Teacher Calendar'!$G$205:$G$214<>"")*('Teacher Calendar'!$G$205:$G$214<>0),ROW('Teacher Calendar'!$G$205:$G$214)-ROW('Teacher Calendar'!$G$205)+1),1)),"")} -> Unit 2 Sum Ass | E68: {=IFERROR(INDEX('Teacher Calendar'!$H$205:$H$214,SMALL(IF(('Teacher Calendar'!$H$205:$H$214<>"")*('Teacher Calendar'!$H$205:$H$214<>0),ROW('Teacher Calendar'!$H$205:$H$214)-ROW('Teacher Calendar'!$H$205)+1),1)),"")} -> 3.1: Force & Accel
A69: {=IFERROR(INDEX('Teacher Calendar'!$D$205:$D$214,SMALL(IF(('Teacher Calendar'!$D$205:$D$214<>"")*('Teacher Calendar'!$D$205:$D$214<>0),ROW('Teacher Calendar'!$D$205:$D$214)-ROW('Teacher Calendar'!$D$205)+1),2)),"")} -> Warm Up | B69: {=IFERROR(INDEX('Teacher Calendar'!$E$205:$E$214,SMALL(IF(('Teacher Calendar'!$E$205:$E$214<>"")*('Teacher Calendar'!$E$205:$E$214<>0),ROW('Teacher Calendar'!$E$205:$E$214)-ROW('Teacher Calendar'!$E$205)+1),2)),"")} -> Warm Up | C69: {=IFERROR(INDEX('Teacher Calendar'!$F$205:$F$214,SMALL(IF(('Teacher Calendar'!$F$205:$F$214<>"")*('Teacher Calendar'!$F$205:$F$214<>0),ROW('Teacher Calendar'!$F$205:$F$214)-ROW('Teacher Calendar'!$F$205)+1),2)),"")} -> Warm Up | D69: {=IFERROR(INDEX('Teacher Calendar'!$G$205:$G$214,SMALL(IF(('Teacher Calendar'!$G$205:$G$214<>"")*('Teacher Calendar'!$G$205:$G$214<>0),ROW('Teacher Calendar'!$G$205:$G$214)-ROW('Teacher Calendar'!$G$205)+1),2)),"")} | E69: {=IFERROR(INDEX('Teacher Calendar'!$H$205:$H$214,SMALL(IF(('Teacher Calendar'!$H$205:$H$214<>"")*('Teacher Calendar'!$H$205:$H$214<>0),ROW('Teacher Calendar'!$H$205:$H$214)-ROW('Teacher Calendar'!$H$205)+1),2)),"")} -> Warm Up
A70: {=IFERROR(INDEX('Teacher Calendar'!$D$205:$D$214,SMALL(IF(('Teacher Calendar'!$D$205:$D$214<>"")*('Teacher Calendar'!$D$205:$D$214<>0),ROW('Teacher Calendar'!$D$205:$D$214)-ROW('Teacher Calendar'!$D$205)+1),3)),"")} -> Demo | B70: {=IFERROR(INDEX('Teacher Calendar'!$E$205:$E$214,SMALL(IF(('Teacher Calendar'!$E$205:$E$214<>"")*('Teacher Calendar'!$E$205:$E$214<>0),ROW('Teacher Calendar'!$E$205:$E$214)-ROW('Teacher Calendar'!$E$205)+1),3)),"")} -> Demo | C70: {=IFERROR(INDEX('Teacher Calendar'!$F$205:$F$214,SMALL(IF(('Teacher Calendar'!$F$205:$F$214<>"")*('Teacher Calendar'!$F$205:$F$214<>0),ROW('Teacher Calendar'!$F$205:$F$214)-ROW('Teacher Calendar'!$F$205)+1),3)),"")} -> Demo | D70: {=IFERROR(INDEX('Teacher Calendar'!$G$205:$G$214,SMALL(IF(('Teacher Calendar'!$G$205:$G$214<>"")*('Teacher Calendar'!$G$205:$G$214<>0),ROW('Teacher Calendar'!$G$205:$G$214)-ROW('Teacher Calendar'!$G$205)+1),3)),"")} | E70: {=IFERROR(INDEX('Teacher Calendar'!$H$205:$H$214,SMALL(IF(('Teacher Calendar'!$H$205:$H$214<>"")*('Teacher Calendar'!$H$205:$H$214<>0),ROW('Teacher Calendar'!$H$205:$H$214)-ROW('Teacher Calendar'!$H$205)+1),3)),"")} -> Demo
A71: {=IFERROR(INDEX('Teacher Calendar'!$D$205:$D$214,SMALL(IF(('Teacher Calendar'!$D$205:$D$214<>"")*('Teacher Calendar'!$D$205:$D$214<>0),ROW('Teacher Calendar'!$D$205:$D$214)-ROW('Teacher Calendar'!$D$205)+1),4)),"")} -> Notes | B71: {=IFERROR(INDEX('Teacher Calendar'!$E$205:$E$214,SMALL(IF(('Teacher Calendar'!$E$205:$E$214<>"")*('Teacher Calendar'!$E$205:$E$214<>0),ROW('Teacher Calendar'!$E$205:$E$214)-ROW('Teacher Calendar'!$E$205)+1),4)),"")} -> Notes | C71: {=IFERROR(INDEX('Teacher Calendar'!$F$205:$F$214,SMALL(IF(('Teacher Calendar'!$F$205:$F$214<>"")*('Teacher Calendar'!$F$205:$F$214<>0),ROW('Teacher Calendar'!$F$205:$F$214)-ROW('Teacher Calendar'!$F$205)+1),4)),"")} -> Notes | D71: {=IFERROR(INDEX('Teacher Calendar'!$G$205:$G$214,SMALL(IF(('Teacher Calendar'!$G$205:$G$214<>"")*('Teacher Calendar'!$G$205:$G$214<>0),ROW('Teacher Calendar'!$G$205:$G$214)-ROW('Teacher Calendar'!$G$205)+1),4)),"")} | E71: {=IFERROR(INDEX('Teacher Calendar'!$H$205:$H$214,SMALL(IF(('Teacher Calendar'!$H$205:$H$214<>"")*('Teacher Calendar'!$H$205:$H$214<>0),ROW('Teacher Calendar'!$H$205:$H$214)-ROW('Teacher Calendar'!$H$205)+1),4)),"")} -> Notes
A72: {=IFERROR(INDEX('Teacher Calendar'!$D$205:$D$214,SMALL(IF(('Teacher Calendar'!$D$205:$D$214<>"")*('Teacher Calendar'!$D$205:$D$214<>0),ROW('Teacher Calendar'!$D$205:$D$214)-ROW('Teacher Calendar'!$D$205)+1),5)),"")} -> Investigation | B72: {=IFERROR(INDEX('Teacher Calendar'!$E$205:$E$214,SMALL(IF(('Teacher Calendar'!$E$205:$E$214<>"")*('Teacher Calendar'!$E$205:$E$214<>0),ROW('Teacher Calendar'!$E$205:$E$214)-ROW('Teacher Calendar'!$E$205)+1),5)),"")} -> Investigation | C72: {=IFERROR(INDEX('Teacher Calendar'!$F$205:$F$214,SMALL(IF(('Teacher Calendar'!$F$205:$F$214<>"")*('Teacher Calendar'!$F$205:$F$214<>0),ROW('Teacher Calendar'!$F$205:$F$214)-ROW('Teacher Calendar'!$F$205)+1),5)),"")} -> Investigation | D72: {=IFERROR(INDEX('Teacher Calendar'!$G$205:$G$214,SMALL(IF(('Teacher Calendar'!$G$205:$G$214<>"")*('Teacher Calendar'!$G$205:$G$214<>0),ROW('Teacher Calendar'!$G$205:$G$214)-ROW('Teacher Calendar'!$G$205)+1),5)),"")} | E72: {=IFERROR(INDEX('Teacher Calendar'!$H$205:$H$214,SMALL(IF(('Teacher Calendar'!$H$205:$H$214<>"")*('Teacher Calendar'!$H$205:$H$214<>0),ROW('Teacher Calendar'!$H$205:$H$214)-ROW('Teacher Calendar'!$H$205)+1),5)),"")} -> Investigation
A73: {=IFERROR(INDEX('Teacher Calendar'!$D$205:$D$214,SMALL(IF(('Teacher Calendar'!$D$205:$D$214<>"")*('Teacher Calendar'!$D$205:$D$214<>0),ROW('Teacher Calendar'!$D$205:$D$214)-ROW('Teacher Calendar'!$D$205)+1),6)),"")} -> Activity | B73: {=IFERROR(INDEX('Teacher Calendar'!$E$205:$E$214,SMALL(IF(('Teacher Calendar'!$E$205:$E$214<>"")*('Teacher Calendar'!$E$205:$E$214<>0),ROW('Teacher Calendar'!$E$205:$E$214)-ROW('Teacher Calendar'!$E$205)+1),6)),"")} -> Activity | C73: {=IFERROR(INDEX('Teacher Calendar'!$F$205:$F$214,SMALL(IF(('Teacher Calendar'!$F$205:$F$214<>"")*('Teacher Calendar'!$F$205:$F$214<>0),ROW('Teacher Calendar'!$F$205:$F$214)-ROW('Teacher Calendar'!$F$205)+1),6)),"")} -> Activity | D73: {=IFERROR(INDEX('Teacher Calendar'!$G$205:$G$214,SMALL(IF(('Teacher Calendar'!$G$205:$G$214<>"")*('Teacher Calendar'!$G$205:$G$214<>0),ROW('Teacher Calendar'!$G$205:$G$214)-ROW('Teacher Calendar'!$G$205)+1),6)),"")} | E73: {=IFERROR(INDEX('Teacher Calendar'!$H$205:$H$214,SMALL(IF(('Teacher Calendar'!$H$205:$H$214<>"")*('Teacher Calendar'!$H$205:$H$214<>0),ROW('Teacher Calendar'!$H$205:$H$214)-ROW('Teacher Calendar'!$H$205)+1),6)),"")} -> Activity
A74: {=IFERROR(INDEX('Teacher Calendar'!$D$205:$D$214,SMALL(IF(('Teacher Calendar'!$D$205:$D$214<>"")*('Teacher Calendar'!$D$205:$D$214<>0),ROW('Teacher Calendar'!$D$205:$D$214)-ROW('Teacher Calendar'!$D$205)+1),7)),"")} -> Practice Set | B74: {=IFERROR(INDEX('Teacher Calendar'!$E$205:$E$214,SMALL(IF(('Teacher Calendar'!$E$205:$E$214<>"")*('Teacher Calendar'!$E$205:$E$214<>0),ROW('Teacher Calendar'!$E$205:$E$214)-ROW('Teacher Calendar'!$E$205)+1),7)),"")} -> Practice Set | C74: {=IFERROR(INDEX('Teacher Calendar'!$F$205:$F$214,SMALL(IF(('Teacher Calendar'!$F$205:$F$214<>"")*('Teacher Calendar'!$F$205:$F$214<>0),ROW('Teacher Calendar'!$F$205:$F$214)-ROW('Teacher Calendar'!$F$205)+1),7)),"")} -> Practice Set | D74: {=IFERROR(INDEX('Teacher Calendar'!$G$205:$G$214,SMALL(IF(('Teacher Calendar'!$G$205:$G$214<>"")*('Teacher Calendar'!$G$205:$G$214<>0),ROW('Teacher Calendar'!$G$205:$G$214)-ROW('Teacher Calendar'!$G$205)+1),7)),"")} | E74: {=IFERROR(INDEX('Teacher Calendar'!$H$205:$H$214,SMALL(IF(('Teacher Calendar'!$H$205:$H$214<>"")*('Teacher Calendar'!$H$205:$H$214<>0),ROW('Teacher Calendar'!$H$205:$H$214)-ROW('Teacher Calendar'!$H$205)+1),7)),"")} -> Practice Set
A75: ='Teacher Calendar'!D231 -> 46321 | B75: ='Teacher Calendar'!E231 -> 46322 | C75: ='Teacher Calendar'!F231 -> 46323 | D75: ='Teacher Calendar'!G231 -> 46324 | E75: ='Teacher Calendar'!H231 -> 46325
A76: {=IFERROR(INDEX('Teacher Calendar'!$D$232:$D$241,SMALL(IF(('Teacher Calendar'!$D$232:$D$241<>"")*('Teacher Calendar'!$D$232:$D$241<>0),ROW('Teacher Calendar'!$D$232:$D$241)-ROW('Teacher Calendar'!$D$232)+1),1)),"")} -> 3.1: Force & Accel | B76: {=IFERROR(INDEX('Teacher Calendar'!$E$232:$E$241,SMALL(IF(('Teacher Calendar'!$E$232:$E$241<>"")*('Teacher Calendar'!$E$232:$E$241<>0),ROW('Teacher Calendar'!$E$232:$E$241)-ROW('Teacher Calendar'!$E$232)+1),1)),"")} -> 3.1: Force & Accel | C76: {=IFERROR(INDEX('Teacher Calendar'!$F$232:$F$241,SMALL(IF(('Teacher Calendar'!$F$232:$F$241<>"")*('Teacher Calendar'!$F$232:$F$241<>0),ROW('Teacher Calendar'!$F$232:$F$241)-ROW('Teacher Calendar'!$F$232)+1),1)),"")} -> 3.2: Friction | D76: {=IFERROR(INDEX('Teacher Calendar'!$G$232:$G$241,SMALL(IF(('Teacher Calendar'!$G$232:$G$241<>"")*('Teacher Calendar'!$G$232:$G$241<>0),ROW('Teacher Calendar'!$G$232:$G$241)-ROW('Teacher Calendar'!$G$232)+1),1)),"")} -> 3.2: Friction | E76: {=IFERROR(INDEX('Teacher Calendar'!$H$232:$H$241,SMALL(IF(('Teacher Calendar'!$H$232:$H$241<>"")*('Teacher Calendar'!$H$232:$H$241<>0),ROW('Teacher Calendar'!$H$232:$H$241)-ROW('Teacher Calendar'!$H$232)+1),1)),"")} -> 3.2: Friction
A77: {=IFERROR(INDEX('Teacher Calendar'!$D$232:$D$241,SMALL(IF(('Teacher Calendar'!$D$232:$D$241<>"")*('Teacher Calendar'!$D$232:$D$241<>0),ROW('Teacher Calendar'!$D$232:$D$241)-ROW('Teacher Calendar'!$D$232)+1),2)),"")} -> Warm Up | B77: {=IFERROR(INDEX('Teacher Calendar'!$E$232:$E$241,SMALL(IF(('Teacher Calendar'!$E$232:$E$241<>"")*('Teacher Calendar'!$E$232:$E$241<>0),ROW('Teacher Calendar'!$E$232:$E$241)-ROW('Teacher Calendar'!$E$232)+1),2)),"")} -> Warm Up | C77: {=IFERROR(INDEX('Teacher Calendar'!$F$232:$F$241,SMALL(IF(('Teacher Calendar'!$F$232:$F$241<>"")*('Teacher Calendar'!$F$232:$F$241<>0),ROW('Teacher Calendar'!$F$232:$F$241)-ROW('Teacher Calendar'!$F$232)+1),2)),"")} -> Warm Up | D77: {=IFERROR(INDEX('Teacher Calendar'!$G$232:$G$241,SMALL(IF(('Teacher Calendar'!$G$232:$G$241<>"")*('Teacher Calendar'!$G$232:$G$241<>0),ROW('Teacher Calendar'!$G$232:$G$241)-ROW('Teacher Calendar'!$G$232)+1),2)),"")} -> Warm Up | E77: {=IFERROR(INDEX('Teacher Calendar'!$H$232:$H$241,SMALL(IF(('Teacher Calendar'!$H$232:$H$241<>"")*('Teacher Calendar'!$H$232:$H$241<>0),ROW('Teacher Calendar'!$H$232:$H$241)-ROW('Teacher Calendar'!$H$232)+1),2)),"")} -> Warm Up
A78: {=IFERROR(INDEX('Teacher Calendar'!$D$232:$D$241,SMALL(IF(('Teacher Calendar'!$D$232:$D$241<>"")*('Teacher Calendar'!$D$232:$D$241<>0),ROW('Teacher Calendar'!$D$232:$D$241)-ROW('Teacher Calendar'!$D$232)+1),3)),"")} -> Demo | B78: {=IFERROR(INDEX('Teacher Calendar'!$E$232:$E$241,SMALL(IF(('Teacher Calendar'!$E$232:$E$241<>"")*('Teacher Calendar'!$E$232:$E$241<>0),ROW('Teacher Calendar'!$E$232:$E$241)-ROW('Teacher Calendar'!$E$232)+1),3)),"")} -> Demo | C78: {=IFERROR(INDEX('Teacher Calendar'!$F$232:$F$241,SMALL(IF(('Teacher Calendar'!$F$232:$F$241<>"")*('Teacher Calendar'!$F$232:$F$241<>0),ROW('Teacher Calendar'!$F$232:$F$241)-ROW('Teacher Calendar'!$F$232)+1),3)),"")} -> Demo | D78: {=IFERROR(INDEX('Teacher Calendar'!$G$232:$G$241,SMALL(IF(('Teacher Calendar'!$G$232:$G$241<>"")*('Teacher Calendar'!$G$232:$G$241<>0),ROW('Teacher Calendar'!$G$232:$G$241)-ROW('Teacher Calendar'!$G$232)+1),3)),"")} -> Demo | E78: {=IFERROR(INDEX('Teacher Calendar'!$H$232:$H$241,SMALL(IF(('Teacher Calendar'!$H$232:$H$241<>"")*('Teacher Calendar'!$H$232:$H$241<>0),ROW('Teacher Calendar'!$H$232:$H$241)-ROW('Teacher Calendar'!$H$232)+1),3)),"")} -> Demo
A79: {=IFERROR(INDEX('Teacher Calendar'!$D$232:$D$241,SMALL(IF(('Teacher Calendar'!$D$232:$D$241<>"")*('Teacher Calendar'!$D$232:$D$241<>0),ROW('Teacher Calendar'!$D$232:$D$241)-ROW('Teacher Calendar'!$D$232)+1),4)),"")} -> Notes | B79: {=IFERROR(INDEX('Teacher Calendar'!$E$232:$E$241,SMALL(IF(('Teacher Calendar'!$E$232:$E$241<>"")*('Teacher Calendar'!$E$232:$E$241<>0),ROW('Teacher Calendar'!$E$232:$E$241)-ROW('Teacher Calendar'!$E$232)+1),4)),"")} -> Notes | C79: {=IFERROR(INDEX('Teacher Calendar'!$F$232:$F$241,SMALL(IF(('Teacher Calendar'!$F$232:$F$241<>"")*('Teacher Calendar'!$F$232:$F$241<>0),ROW('Teacher Calendar'!$F$232:$F$241)-ROW('Teacher Calendar'!$F$232)+1),4)),"")} -> Notes | D79: {=IFERROR(INDEX('Teacher Calendar'!$G$232:$G$241,SMALL(IF(('Teacher Calendar'!$G$232:$G$241<>"")*('Teacher Calendar'!$G$232:$G$241<>0),ROW('Teacher Calendar'!$G$232:$G$241)-ROW('Teacher Calendar'!$G$232)+1),4)),"")} -> Notes | E79: {=IFERROR(INDEX('Teacher Calendar'!$H$232:$H$241,SMALL(IF(('Teacher Calendar'!$H$232:$H$241<>"")*('Teacher Calendar'!$H$232:$H$241<>0),ROW('Teacher Calendar'!$H$232:$H$241)-ROW('Teacher Calendar'!$H$232)+1),4)),"")} -> Notes
A80: {=IFERROR(INDEX('Teacher Calendar'!$D$232:$D$241,SMALL(IF(('Teacher Calendar'!$D$232:$D$241<>"")*('Teacher Calendar'!$D$232:$D$241<>0),ROW('Teacher Calendar'!$D$232:$D$241)-ROW('Teacher Calendar'!$D$232)+1),5)),"")} -> Investigation | B80: {=IFERROR(INDEX('Teacher Calendar'!$E$232:$E$241,SMALL(IF(('Teacher Calendar'!$E$232:$E$241<>"")*('Teacher Calendar'!$E$232:$E$241<>0),ROW('Teacher Calendar'!$E$232:$E$241)-ROW('Teacher Calendar'!$E$232)+1),5)),"")} -> Investigation | C80: {=IFERROR(INDEX('Teacher Calendar'!$F$232:$F$241,SMALL(IF(('Teacher Calendar'!$F$232:$F$241<>"")*('Teacher Calendar'!$F$232:$F$241<>0),ROW('Teacher Calendar'!$F$232:$F$241)-ROW('Teacher Calendar'!$F$232)+1),5)),"")} -> Investigation | D80: {=IFERROR(INDEX('Teacher Calendar'!$G$232:$G$241,SMALL(IF(('Teacher Calendar'!$G$232:$G$241<>"")*('Teacher Calendar'!$G$232:$G$241<>0),ROW('Teacher Calendar'!$G$232:$G$241)-ROW('Teacher Calendar'!$G$232)+1),5)),"")} -> Investigation | E80: {=IFERROR(INDEX('Teacher Calendar'!$H$232:$H$241,SMALL(IF(('Teacher Calendar'!$H$232:$H$241<>"")*('Teacher Calendar'!$H$232:$H$241<>0),ROW('Teacher Calendar'!$H$232:$H$241)-ROW('Teacher Calendar'!$H$232)+1),5)),"")} -> Investigation
A81: {=IFERROR(INDEX('Teacher Calendar'!$D$232:$D$241,SMALL(IF(('Teacher Calendar'!$D$232:$D$241<>"")*('Teacher Calendar'!$D$232:$D$241<>0),ROW('Teacher Calendar'!$D$232:$D$241)-ROW('Teacher Calendar'!$D$232)+1),6)),"")} -> Activity | B81: {=IFERROR(INDEX('Teacher Calendar'!$E$232:$E$241,SMALL(IF(('Teacher Calendar'!$E$232:$E$241<>"")*('Teacher Calendar'!$E$232:$E$241<>0),ROW('Teacher Calendar'!$E$232:$E$241)-ROW('Teacher Calendar'!$E$232)+1),6)),"")} -> Activity | C81: {=IFERROR(INDEX('Teacher Calendar'!$F$232:$F$241,SMALL(IF(('Teacher Calendar'!$F$232:$F$241<>"")*('Teacher Calendar'!$F$232:$F$241<>0),ROW('Teacher Calendar'!$F$232:$F$241)-ROW('Teacher Calendar'!$F$232)+1),6)),"")} -> Activity | D81: {=IFERROR(INDEX('Teacher Calendar'!$G$232:$G$241,SMALL(IF(('Teacher Calendar'!$G$232:$G$241<>"")*('Teacher Calendar'!$G$232:$G$241<>0),ROW('Teacher Calendar'!$G$232:$G$241)-ROW('Teacher Calendar'!$G$232)+1),6)),"")} -> Activity | E81: {=IFERROR(INDEX('Teacher Calendar'!$H$232:$H$241,SMALL(IF(('Teacher Calendar'!$H$232:$H$241<>"")*('Teacher Calendar'!$H$232:$H$241<>0),ROW('Teacher Calendar'!$H$232:$H$241)-ROW('Teacher Calendar'!$H$232)+1),6)),"")} -> Activity
A82: {=IFERROR(INDEX('Teacher Calendar'!$D$232:$D$241,SMALL(IF(('Teacher Calendar'!$D$232:$D$241<>"")*('Teacher Calendar'!$D$232:$D$241<>0),ROW('Teacher Calendar'!$D$232:$D$241)-ROW('Teacher Calendar'!$D$232)+1),7)),"")} -> Practice Set | B82: {=IFERROR(INDEX('Teacher Calendar'!$E$232:$E$241,SMALL(IF(('Teacher Calendar'!$E$232:$E$241<>"")*('Teacher Calendar'!$E$232:$E$241<>0),ROW('Teacher Calendar'!$E$232:$E$241)-ROW('Teacher Calendar'!$E$232)+1),7)),"")} -> Practice Set | C82: {=IFERROR(INDEX('Teacher Calendar'!$F$232:$F$241,SMALL(IF(('Teacher Calendar'!$F$232:$F$241<>"")*('Teacher Calendar'!$F$232:$F$241<>0),ROW('Teacher Calendar'!$F$232:$F$241)-ROW('Teacher Calendar'!$F$232)+1),7)),"")} -> Practice Set | D82: {=IFERROR(INDEX('Teacher Calendar'!$G$232:$G$241,SMALL(IF(('Teacher Calendar'!$G$232:$G$241<>"")*('Teacher Calendar'!$G$232:$G$241<>0),ROW('Teacher Calendar'!$G$232:$G$241)-ROW('Teacher Calendar'!$G$232)+1),7)),"")} -> Practice Set | E82: {=IFERROR(INDEX('Teacher Calendar'!$H$232:$H$241,SMALL(IF(('Teacher Calendar'!$H$232:$H$241<>"")*('Teacher Calendar'!$H$232:$H$241<>0),ROW('Teacher Calendar'!$H$232:$H$241)-ROW('Teacher Calendar'!$H$232)+1),7)),"")} -> Practice Set
A83: ='Teacher Calendar'!D258 -> 46328 | B83: ='Teacher Calendar'!E258 -> 46329 | C83: ='Teacher Calendar'!F258 -> 46330 | D83: ='Teacher Calendar'!G258 -> 46331 | E83: ='Teacher Calendar'!H258 -> 46332
A84: {=IFERROR(INDEX('Teacher Calendar'!$D$259:$D$268,SMALL(IF(('Teacher Calendar'!$D$259:$D$268<>"")*('Teacher Calendar'!$D$259:$D$268<>0),ROW('Teacher Calendar'!$D$259:$D$268)-ROW('Teacher Calendar'!$D$259)+1),1)),"")} -> 3.3: Fall & Drag | B84: {=IFERROR(INDEX('Teacher Calendar'!$E$259:$E$268,SMALL(IF(('Teacher Calendar'!$E$259:$E$268<>"")*('Teacher Calendar'!$E$259:$E$268<>0),ROW('Teacher Calendar'!$E$259:$E$268)-ROW('Teacher Calendar'!$E$259)+1),1)),"")} -> 3.3: Fall & Drag | C84: {=IFERROR(INDEX('Teacher Calendar'!$F$259:$F$268,SMALL(IF(('Teacher Calendar'!$F$259:$F$268<>"")*('Teacher Calendar'!$F$259:$F$268<>0),ROW('Teacher Calendar'!$F$259:$F$268)-ROW('Teacher Calendar'!$F$259)+1),1)),"")} -> 3.3: Fall & Drag | D84: {=IFERROR(INDEX('Teacher Calendar'!$G$259:$G$268,SMALL(IF(('Teacher Calendar'!$G$259:$G$268<>"")*('Teacher Calendar'!$G$259:$G$268<>0),ROW('Teacher Calendar'!$G$259:$G$268)-ROW('Teacher Calendar'!$G$259)+1),1)),"")} -> 3.4: Newton's 3rd | E84: {=IFERROR(INDEX('Teacher Calendar'!$H$259:$H$268,SMALL(IF(('Teacher Calendar'!$H$259:$H$268<>"")*('Teacher Calendar'!$H$259:$H$268<>0),ROW('Teacher Calendar'!$H$259:$H$268)-ROW('Teacher Calendar'!$H$259)+1),1)),"")} -> 3.4: Newton's 3rd
A85: {=IFERROR(INDEX('Teacher Calendar'!$D$259:$D$268,SMALL(IF(('Teacher Calendar'!$D$259:$D$268<>"")*('Teacher Calendar'!$D$259:$D$268<>0),ROW('Teacher Calendar'!$D$259:$D$268)-ROW('Teacher Calendar'!$D$259)+1),2)),"")} -> Warm Up | B85: {=IFERROR(INDEX('Teacher Calendar'!$E$259:$E$268,SMALL(IF(('Teacher Calendar'!$E$259:$E$268<>"")*('Teacher Calendar'!$E$259:$E$268<>0),ROW('Teacher Calendar'!$E$259:$E$268)-ROW('Teacher Calendar'!$E$259)+1),2)),"")} -> Warm Up | C85: {=IFERROR(INDEX('Teacher Calendar'!$F$259:$F$268,SMALL(IF(('Teacher Calendar'!$F$259:$F$268<>"")*('Teacher Calendar'!$F$259:$F$268<>0),ROW('Teacher Calendar'!$F$259:$F$268)-ROW('Teacher Calendar'!$F$259)+1),2)),"")} -> Warm Up | D85: {=IFERROR(INDEX('Teacher Calendar'!$G$259:$G$268,SMALL(IF(('Teacher Calendar'!$G$259:$G$268<>"")*('Teacher Calendar'!$G$259:$G$268<>0),ROW('Teacher Calendar'!$G$259:$G$268)-ROW('Teacher Calendar'!$G$259)+1),2)),"")} -> Warm Up | E85: {=IFERROR(INDEX('Teacher Calendar'!$H$259:$H$268,SMALL(IF(('Teacher Calendar'!$H$259:$H$268<>"")*('Teacher Calendar'!$H$259:$H$268<>0),ROW('Teacher Calendar'!$H$259:$H$268)-ROW('Teacher Calendar'!$H$259)+1),2)),"")} -> Warm Up
A86: {=IFERROR(INDEX('Teacher Calendar'!$D$259:$D$268,SMALL(IF(('Teacher Calendar'!$D$259:$D$268<>"")*('Teacher Calendar'!$D$259:$D$268<>0),ROW('Teacher Calendar'!$D$259:$D$268)-ROW('Teacher Calendar'!$D$259)+1),3)),"")} -> Demo | B86: {=IFERROR(INDEX('Teacher Calendar'!$E$259:$E$268,SMALL(IF(('Teacher Calendar'!$E$259:$E$268<>"")*('Teacher Calendar'!$E$259:$E$268<>0),ROW('Teacher Calendar'!$E$259:$E$268)-ROW('Teacher Calendar'!$E$259)+1),3)),"")} -> Demo | C86: {=IFERROR(INDEX('Teacher Calendar'!$F$259:$F$268,SMALL(IF(('Teacher Calendar'!$F$259:$F$268<>"")*('Teacher Calendar'!$F$259:$F$268<>0),ROW('Teacher Calendar'!$F$259:$F$268)-ROW('Teacher Calendar'!$F$259)+1),3)),"")} -> Demo | D86: {=IFERROR(INDEX('Teacher Calendar'!$G$259:$G$268,SMALL(IF(('Teacher Calendar'!$G$259:$G$268<>"")*('Teacher Calendar'!$G$259:$G$268<>0),ROW('Teacher Calendar'!$G$259:$G$268)-ROW('Teacher Calendar'!$G$259)+1),3)),"")} -> Demo | E86: {=IFERROR(INDEX('Teacher Calendar'!$H$259:$H$268,SMALL(IF(('Teacher Calendar'!$H$259:$H$268<>"")*('Teacher Calendar'!$H$259:$H$268<>0),ROW('Teacher Calendar'!$H$259:$H$268)-ROW('Teacher Calendar'!$H$259)+1),3)),"")} -> Demo
A87: {=IFERROR(INDEX('Teacher Calendar'!$D$259:$D$268,SMALL(IF(('Teacher Calendar'!$D$259:$D$268<>"")*('Teacher Calendar'!$D$259:$D$268<>0),ROW('Teacher Calendar'!$D$259:$D$268)-ROW('Teacher Calendar'!$D$259)+1),4)),"")} -> Notes | B87: {=IFERROR(INDEX('Teacher Calendar'!$E$259:$E$268,SMALL(IF(('Teacher Calendar'!$E$259:$E$268<>"")*('Teacher Calendar'!$E$259:$E$268<>0),ROW('Teacher Calendar'!$E$259:$E$268)-ROW('Teacher Calendar'!$E$259)+1),4)),"")} -> Notes | C87: {=IFERROR(INDEX('Teacher Calendar'!$F$259:$F$268,SMALL(IF(('Teacher Calendar'!$F$259:$F$268<>"")*('Teacher Calendar'!$F$259:$F$268<>0),ROW('Teacher Calendar'!$F$259:$F$268)-ROW('Teacher Calendar'!$F$259)+1),4)),"")} -> Notes | D87: {=IFERROR(INDEX('Teacher Calendar'!$G$259:$G$268,SMALL(IF(('Teacher Calendar'!$G$259:$G$268<>"")*('Teacher Calendar'!$G$259:$G$268<>0),ROW('Teacher Calendar'!$G$259:$G$268)-ROW('Teacher Calendar'!$G$259)+1),4)),"")} -> Notes | E87: {=IFERROR(INDEX('Teacher Calendar'!$H$259:$H$268,SMALL(IF(('Teacher Calendar'!$H$259:$H$268<>"")*('Teacher Calendar'!$H$259:$H$268<>0),ROW('Teacher Calendar'!$H$259:$H$268)-ROW('Teacher Calendar'!$H$259)+1),4)),"")} -> Notes
A88: {=IFERROR(INDEX('Teacher Calendar'!$D$259:$D$268,SMALL(IF(('Teacher Calendar'!$D$259:$D$268<>"")*('Teacher Calendar'!$D$259:$D$268<>0),ROW('Teacher Calendar'!$D$259:$D$268)-ROW('Teacher Calendar'!$D$259)+1),5)),"")} -> Investigation | B88: {=IFERROR(INDEX('Teacher Calendar'!$E$259:$E$268,SMALL(IF(('Teacher Calendar'!$E$259:$E$268<>"")*('Teacher Calendar'!$E$259:$E$268<>0),ROW('Teacher Calendar'!$E$259:$E$268)-ROW('Teacher Calendar'!$E$259)+1),5)),"")} -> Investigation | C88: {=IFERROR(INDEX('Teacher Calendar'!$F$259:$F$268,SMALL(IF(('Teacher Calendar'!$F$259:$F$268<>"")*('Teacher Calendar'!$F$259:$F$268<>0),ROW('Teacher Calendar'!$F$259:$F$268)-ROW('Teacher Calendar'!$F$259)+1),5)),"")} -> Investigation | D88: {=IFERROR(INDEX('Teacher Calendar'!$G$259:$G$268,SMALL(IF(('Teacher Calendar'!$G$259:$G$268<>"")*('Teacher Calendar'!$G$259:$G$268<>0),ROW('Teacher Calendar'!$G$259:$G$268)-ROW('Teacher Calendar'!$G$259)+1),5)),"")} -> Investigation | E88: {=IFERROR(INDEX('Teacher Calendar'!$H$259:$H$268,SMALL(IF(('Teacher Calendar'!$H$259:$H$268<>"")*('Teacher Calendar'!$H$259:$H$268<>0),ROW('Teacher Calendar'!$H$259:$H$268)-ROW('Teacher Calendar'!$H$259)+1),5)),"")} -> Investigation
A89: {=IFERROR(INDEX('Teacher Calendar'!$D$259:$D$268,SMALL(IF(('Teacher Calendar'!$D$259:$D$268<>"")*('Teacher Calendar'!$D$259:$D$268<>0),ROW('Teacher Calendar'!$D$259:$D$268)-ROW('Teacher Calendar'!$D$259)+1),6)),"")} -> Activity | B89: {=IFERROR(INDEX('Teacher Calendar'!$E$259:$E$268,SMALL(IF(('Teacher Calendar'!$E$259:$E$268<>"")*('Teacher Calendar'!$E$259:$E$268<>0),ROW('Teacher Calendar'!$E$259:$E$268)-ROW('Teacher Calendar'!$E$259)+1),6)),"")} -> Activity | C89: {=IFERROR(INDEX('Teacher Calendar'!$F$259:$F$268,SMALL(IF(('Teacher Calendar'!$F$259:$F$268<>"")*('Teacher Calendar'!$F$259:$F$268<>0),ROW('Teacher Calendar'!$F$259:$F$268)-ROW('Teacher Calendar'!$F$259)+1),6)),"")} -> Activity | D89: {=IFERROR(INDEX('Teacher Calendar'!$G$259:$G$268,SMALL(IF(('Teacher Calendar'!$G$259:$G$268<>"")*('Teacher Calendar'!$G$259:$G$268<>0),ROW('Teacher Calendar'!$G$259:$G$268)-ROW('Teacher Calendar'!$G$259)+1),6)),"")} -> Activity | E89: {=IFERROR(INDEX('Teacher Calendar'!$H$259:$H$268,SMALL(IF(('Teacher Calendar'!$H$259:$H$268<>"")*('Teacher Calendar'!$H$259:$H$268<>0),ROW('Teacher Calendar'!$H$259:$H$268)-ROW('Teacher Calendar'!$H$259)+1),6)),"")} -> Activity
A90: {=IFERROR(INDEX('Teacher Calendar'!$D$259:$D$268,SMALL(IF(('Teacher Calendar'!$D$259:$D$268<>"")*('Teacher Calendar'!$D$259:$D$268<>0),ROW('Teacher Calendar'!$D$259:$D$268)-ROW('Teacher Calendar'!$D$259)+1),7)),"")} -> Practice Set | B90: {=IFERROR(INDEX('Teacher Calendar'!$E$259:$E$268,SMALL(IF(('Teacher Calendar'!$E$259:$E$268<>"")*('Teacher Calendar'!$E$259:$E$268<>0),ROW('Teacher Calendar'!$E$259:$E$268)-ROW('Teacher Calendar'!$E$259)+1),7)),"")} -> Practice Set | C90: {=IFERROR(INDEX('Teacher Calendar'!$F$259:$F$268,SMALL(IF(('Teacher Calendar'!$F$259:$F$268<>"")*('Teacher Calendar'!$F$259:$F$268<>0),ROW('Teacher Calendar'!$F$259:$F$268)-ROW('Teacher Calendar'!$F$259)+1),7)),"")} -> Practice Set | D90: {=IFERROR(INDEX('Teacher Calendar'!$G$259:$G$268,SMALL(IF(('Teacher Calendar'!$G$259:$G$268<>"")*('Teacher Calendar'!$G$259:$G$268<>0),ROW('Teacher Calendar'!$G$259:$G$268)-ROW('Teacher Calendar'!$G$259)+1),7)),"")} -> Practice Set | E90: {=IFERROR(INDEX('Teacher Calendar'!$H$259:$H$268,SMALL(IF(('Teacher Calendar'!$H$259:$H$268<>"")*('Teacher Calendar'!$H$259:$H$268<>0),ROW('Teacher Calendar'!$H$259:$H$268)-ROW('Teacher Calendar'!$H$259)+1),7)),"")} -> Practice Set
A91: ='Teacher Calendar'!D285 -> 46335 | B91: ='Teacher Calendar'!E285 -> 46336 | C91: ='Teacher Calendar'!F285 -> 46337 | D91: ='Teacher Calendar'!G285 -> 46338 | E91: ='Teacher Calendar'!H285 -> 46339
A92: {=IFERROR(INDEX('Teacher Calendar'!$D$286:$D$295,SMALL(IF(('Teacher Calendar'!$D$286:$D$295<>"")*('Teacher Calendar'!$D$286:$D$295<>0),ROW('Teacher Calendar'!$D$286:$D$295)-ROW('Teacher Calendar'!$D$286)+1),1)),"")} -> 3.4: Newton's 3rd | B92: {=IFERROR(INDEX('Teacher Calendar'!$E$286:$E$295,SMALL(IF(('Teacher Calendar'!$E$286:$E$295<>"")*('Teacher Calendar'!$E$286:$E$295<>0),ROW('Teacher Calendar'!$E$286:$E$295)-ROW('Teacher Calendar'!$E$286)+1),1)),"")} -> 3.5: Projectile | C92: {=IFERROR(INDEX('Teacher Calendar'!$F$286:$F$295,SMALL(IF(('Teacher Calendar'!$F$286:$F$295<>"")*('Teacher Calendar'!$F$286:$F$295<>0),ROW('Teacher Calendar'!$F$286:$F$295)-ROW('Teacher Calendar'!$F$286)+1),1)),"")} -> 3.5: Projectile | D92: {=IFERROR(INDEX('Teacher Calendar'!$G$286:$G$295,SMALL(IF(('Teacher Calendar'!$G$286:$G$295<>"")*('Teacher Calendar'!$G$286:$G$295<>0),ROW('Teacher Calendar'!$G$286:$G$295)-ROW('Teacher Calendar'!$G$286)+1),1)),"")} -> 3.5: Projectile | E92: {=IFERROR(INDEX('Teacher Calendar'!$H$286:$H$295,SMALL(IF(('Teacher Calendar'!$H$286:$H$295<>"")*('Teacher Calendar'!$H$286:$H$295<>0),ROW('Teacher Calendar'!$H$286:$H$295)-ROW('Teacher Calendar'!$H$286)+1),1)),"")} -> Unit 3 Sum Assess
A93: {=IFERROR(INDEX('Teacher Calendar'!$D$286:$D$295,SMALL(IF(('Teacher Calendar'!$D$286:$D$295<>"")*('Teacher Calendar'!$D$286:$D$295<>0),ROW('Teacher Calendar'!$D$286:$D$295)-ROW('Teacher Calendar'!$D$286)+1),2)),"")} -> Warm Up | B93: {=IFERROR(INDEX('Teacher Calendar'!$E$286:$E$295,SMALL(IF(('Teacher Calendar'!$E$286:$E$295<>"")*('Teacher Calendar'!$E$286:$E$295<>0),ROW('Teacher Calendar'!$E$286:$E$295)-ROW('Teacher Calendar'!$E$286)+1),2)),"")} -> Warm Up | C93: {=IFERROR(INDEX('Teacher Calendar'!$F$286:$F$295,SMALL(IF(('Teacher Calendar'!$F$286:$F$295<>"")*('Teacher Calendar'!$F$286:$F$295<>0),ROW('Teacher Calendar'!$F$286:$F$295)-ROW('Teacher Calendar'!$F$286)+1),2)),"")} -> Warm Up | D93: {=IFERROR(INDEX('Teacher Calendar'!$G$286:$G$295,SMALL(IF(('Teacher Calendar'!$G$286:$G$295<>"")*('Teacher Calendar'!$G$286:$G$295<>0),ROW('Teacher Calendar'!$G$286:$G$295)-ROW('Teacher Calendar'!$G$286)+1),2)),"")} -> Warm Up | E93: {=IFERROR(INDEX('Teacher Calendar'!$H$286:$H$295,SMALL(IF(('Teacher Calendar'!$H$286:$H$295<>"")*('Teacher Calendar'!$H$286:$H$295<>0),ROW('Teacher Calendar'!$H$286:$H$295)-ROW('Teacher Calendar'!$H$286)+1),2)),"")}
A94: {=IFERROR(INDEX('Teacher Calendar'!$D$286:$D$295,SMALL(IF(('Teacher Calendar'!$D$286:$D$295<>"")*('Teacher Calendar'!$D$286:$D$295<>0),ROW('Teacher Calendar'!$D$286:$D$295)-ROW('Teacher Calendar'!$D$286)+1),3)),"")} -> Demo | B94: {=IFERROR(INDEX('Teacher Calendar'!$E$286:$E$295,SMALL(IF(('Teacher Calendar'!$E$286:$E$295<>"")*('Teacher Calendar'!$E$286:$E$295<>0),ROW('Teacher Calendar'!$E$286:$E$295)-ROW('Teacher Calendar'!$E$286)+1),3)),"")} -> Demo | C94: {=IFERROR(INDEX('Teacher Calendar'!$F$286:$F$295,SMALL(IF(('Teacher Calendar'!$F$286:$F$295<>"")*('Teacher Calendar'!$F$286:$F$295<>0),ROW('Teacher Calendar'!$F$286:$F$295)-ROW('Teacher Calendar'!$F$286)+1),3)),"")} -> Demo | D94: {=IFERROR(INDEX('Teacher Calendar'!$G$286:$G$295,SMALL(IF(('Teacher Calendar'!$G$286:$G$295<>"")*('Teacher Calendar'!$G$286:$G$295<>0),ROW('Teacher Calendar'!$G$286:$G$295)-ROW('Teacher Calendar'!$G$286)+1),3)),"")} -> Demo | E94: {=IFERROR(INDEX('Teacher Calendar'!$H$286:$H$295,SMALL(IF(('Teacher Calendar'!$H$286:$H$295<>"")*('Teacher Calendar'!$H$286:$H$295<>0),ROW('Teacher Calendar'!$H$286:$H$295)-ROW('Teacher Calendar'!$H$286)+1),3)),"")}
A95: {=IFERROR(INDEX('Teacher Calendar'!$D$286:$D$295,SMALL(IF(('Teacher Calendar'!$D$286:$D$295<>"")*('Teacher Calendar'!$D$286:$D$295<>0),ROW('Teacher Calendar'!$D$286:$D$295)-ROW('Teacher Calendar'!$D$286)+1),4)),"")} -> Notes | B95: {=IFERROR(INDEX('Teacher Calendar'!$E$286:$E$295,SMALL(IF(('Teacher Calendar'!$E$286:$E$295<>"")*('Teacher Calendar'!$E$286:$E$295<>0),ROW('Teacher Calendar'!$E$286:$E$295)-ROW('Teacher Calendar'!$E$286)+1),4)),"")} -> Notes | C95: {=IFERROR(INDEX('Teacher Calendar'!$F$286:$F$295,SMALL(IF(('Teacher Calendar'!$F$286:$F$295<>"")*('Teacher Calendar'!$F$286:$F$295<>0),ROW('Teacher Calendar'!$F$286:$F$295)-ROW('Teacher Calendar'!$F$286)+1),4)),"")} -> Notes | D95: {=IFERROR(INDEX('Teacher Calendar'!$G$286:$G$295,SMALL(IF(('Teacher Calendar'!$G$286:$G$295<>"")*('Teacher Calendar'!$G$286:$G$295<>0),ROW('Teacher Calendar'!$G$286:$G$295)-ROW('Teacher Calendar'!$G$286)+1),4)),"")} -> Notes | E95: {=IFERROR(INDEX('Teacher Calendar'!$H$286:$H$295,SMALL(IF(('Teacher Calendar'!$H$286:$H$295<>"")*('Teacher Calendar'!$H$286:$H$295<>0),ROW('Teacher Calendar'!$H$286:$H$295)-ROW('Teacher Calendar'!$H$286)+1),4)),"")}
A96: {=IFERROR(INDEX('Teacher Calendar'!$D$286:$D$295,SMALL(IF(('Teacher Calendar'!$D$286:$D$295<>"")*('Teacher Calendar'!$D$286:$D$295<>0),ROW('Teacher Calendar'!$D$286:$D$295)-ROW('Teacher Calendar'!$D$286)+1),5)),"")} -> Investigation | B96: {=IFERROR(INDEX('Teacher Calendar'!$E$286:$E$295,SMALL(IF(('Teacher Calendar'!$E$286:$E$295<>"")*('Teacher Calendar'!$E$286:$E$295<>0),ROW('Teacher Calendar'!$E$286:$E$295)-ROW('Teacher Calendar'!$E$286)+1),5)),"")} -> Investigation | C96: {=IFERROR(INDEX('Teacher Calendar'!$F$286:$F$295,SMALL(IF(('Teacher Calendar'!$F$286:$F$295<>"")*('Teacher Calendar'!$F$286:$F$295<>0),ROW('Teacher Calendar'!$F$286:$F$295)-ROW('Teacher Calendar'!$F$286)+1),5)),"")} -> Investigation | D96: {=IFERROR(INDEX('Teacher Calendar'!$G$286:$G$295,SMALL(IF(('Teacher Calendar'!$G$286:$G$295<>"")*('Teacher Calendar'!$G$286:$G$295<>0),ROW('Teacher Calendar'!$G$286:$G$295)-ROW('Teacher Calendar'!$G$286)+1),5)),"")} -> Investigation | E96: {=IFERROR(INDEX('Teacher Calendar'!$H$286:$H$295,SMALL(IF(('Teacher Calendar'!$H$286:$H$295<>"")*('Teacher Calendar'!$H$286:$H$295<>0),ROW('Teacher Calendar'!$H$286:$H$295)-ROW('Teacher Calendar'!$H$286)+1),5)),"")}
A97: {=IFERROR(INDEX('Teacher Calendar'!$D$286:$D$295,SMALL(IF(('Teacher Calendar'!$D$286:$D$295<>"")*('Teacher Calendar'!$D$286:$D$295<>0),ROW('Teacher Calendar'!$D$286:$D$295)-ROW('Teacher Calendar'!$D$286)+1),6)),"")} -> Activity | B97: {=IFERROR(INDEX('Teacher Calendar'!$E$286:$E$295,SMALL(IF(('Teacher Calendar'!$E$286:$E$295<>"")*('Teacher Calendar'!$E$286:$E$295<>0),ROW('Teacher Calendar'!$E$286:$E$295)-ROW('Teacher Calendar'!$E$286)+1),6)),"")} -> Activity | C97: {=IFERROR(INDEX('Teacher Calendar'!$F$286:$F$295,SMALL(IF(('Teacher Calendar'!$F$286:$F$295<>"")*('Teacher Calendar'!$F$286:$F$295<>0),ROW('Teacher Calendar'!$F$286:$F$295)-ROW('Teacher Calendar'!$F$286)+1),6)),"")} -> Activity | D97: {=IFERROR(INDEX('Teacher Calendar'!$G$286:$G$295,SMALL(IF(('Teacher Calendar'!$G$286:$G$295<>"")*('Teacher Calendar'!$G$286:$G$295<>0),ROW('Teacher Calendar'!$G$286:$G$295)-ROW('Teacher Calendar'!$G$286)+1),6)),"")} -> Activity | E97: {=IFERROR(INDEX('Teacher Calendar'!$H$286:$H$295,SMALL(IF(('Teacher Calendar'!$H$286:$H$295<>"")*('Teacher Calendar'!$H$286:$H$295<>0),ROW('Teacher Calendar'!$H$286:$H$295)-ROW('Teacher Calendar'!$H$286)+1),6)),"")}
A98: {=IFERROR(INDEX('Teacher Calendar'!$D$286:$D$295,SMALL(IF(('Teacher Calendar'!$D$286:$D$295<>"")*('Teacher Calendar'!$D$286:$D$295<>0),ROW('Teacher Calendar'!$D$286:$D$295)-ROW('Teacher Calendar'!$D$286)+1),7)),"")} -> Practice Set | B98: {=IFERROR(INDEX('Teacher Calendar'!$E$286:$E$295,SMALL(IF(('Teacher Calendar'!$E$286:$E$295<>"")*('Teacher Calendar'!$E$286:$E$295<>0),ROW('Teacher Calendar'!$E$286:$E$295)-ROW('Teacher Calendar'!$E$286)+1),7)),"")} -> Practice Set | C98: {=IFERROR(INDEX('Teacher Calendar'!$F$286:$F$295,SMALL(IF(('Teacher Calendar'!$F$286:$F$295<>"")*('Teacher Calendar'!$F$286:$F$295<>0),ROW('Teacher Calendar'!$F$286:$F$295)-ROW('Teacher Calendar'!$F$286)+1),7)),"")} -> Practice Set | D98: {=IFERROR(INDEX('Teacher Calendar'!$G$286:$G$295,SMALL(IF(('Teacher Calendar'!$G$286:$G$295<>"")*('Teacher Calendar'!$G$286:$G$295<>0),ROW('Teacher Calendar'!$G$286:$G$295)-ROW('Teacher Calendar'!$G$286)+1),7)),"")} -> Practice Set | E98: {=IFERROR(INDEX('Teacher Calendar'!$H$286:$H$295,SMALL(IF(('Teacher Calendar'!$H$286:$H$295<>"")*('Teacher Calendar'!$H$286:$H$295<>0),ROW('Teacher Calendar'!$H$286:$H$295)-ROW('Teacher Calendar'!$H$286)+1),7)),"")}
A99: ='Teacher Calendar'!D312 -> 46342 | B99: ='Teacher Calendar'!E312 -> 46343 | C99: ='Teacher Calendar'!F312 -> 46344 | D99: ='Teacher Calendar'!G312 -> 46345 | E99: ='Teacher Calendar'!H312 -> 46346
A100: {=IFERROR(INDEX('Teacher Calendar'!$D$313:$D$322,SMALL(IF(('Teacher Calendar'!$D$313:$D$322<>"")*('Teacher Calendar'!$D$313:$D$322<>0),ROW('Teacher Calendar'!$D$313:$D$322)-ROW('Teacher Calendar'!$D$313)+1),1)),"")} -> 4.1: Mom & Impulse | B100: {=IFERROR(INDEX('Teacher Calendar'!$E$313:$E$322,SMALL(IF(('Teacher Calendar'!$E$313:$E$322<>"")*('Teacher Calendar'!$E$313:$E$322<>0),ROW('Teacher Calendar'!$E$313:$E$322)-ROW('Teacher Calendar'!$E$313)+1),1)),"")} -> 4.1: Mom & Impulse | C100: {=IFERROR(INDEX('Teacher Calendar'!$F$313:$F$322,SMALL(IF(('Teacher Calendar'!$F$313:$F$322<>"")*('Teacher Calendar'!$F$313:$F$322<>0),ROW('Teacher Calendar'!$F$313:$F$322)-ROW('Teacher Calendar'!$F$313)+1),1)),"")} -> 4.1: Mom & Impulse | D100: {=IFERROR(INDEX('Teacher Calendar'!$G$313:$G$322,SMALL(IF(('Teacher Calendar'!$G$313:$G$322<>"")*('Teacher Calendar'!$G$313:$G$322<>0),ROW('Teacher Calendar'!$G$313:$G$322)-ROW('Teacher Calendar'!$G$313)+1),1)),"")} -> 4.2: Conserve Mom | E100: {=IFERROR(INDEX('Teacher Calendar'!$H$313:$H$322,SMALL(IF(('Teacher Calendar'!$H$313:$H$322<>"")*('Teacher Calendar'!$H$313:$H$322<>0),ROW('Teacher Calendar'!$H$313:$H$322)-ROW('Teacher Calendar'!$H$313)+1),1)),"")} -> 4.2: Conserve Mom
A101: {=IFERROR(INDEX('Teacher Calendar'!$D$313:$D$322,SMALL(IF(('Teacher Calendar'!$D$313:$D$322<>"")*('Teacher Calendar'!$D$313:$D$322<>0),ROW('Teacher Calendar'!$D$313:$D$322)-ROW('Teacher Calendar'!$D$313)+1),2)),"")} -> Warm Up | B101: {=IFERROR(INDEX('Teacher Calendar'!$E$313:$E$322,SMALL(IF(('Teacher Calendar'!$E$313:$E$322<>"")*('Teacher Calendar'!$E$313:$E$322<>0),ROW('Teacher Calendar'!$E$313:$E$322)-ROW('Teacher Calendar'!$E$313)+1),2)),"")} -> Warm Up | C101: {=IFERROR(INDEX('Teacher Calendar'!$F$313:$F$322,SMALL(IF(('Teacher Calendar'!$F$313:$F$322<>"")*('Teacher Calendar'!$F$313:$F$322<>0),ROW('Teacher Calendar'!$F$313:$F$322)-ROW('Teacher Calendar'!$F$313)+1),2)),"")} -> Warm Up | D101: {=IFERROR(INDEX('Teacher Calendar'!$G$313:$G$322,SMALL(IF(('Teacher Calendar'!$G$313:$G$322<>"")*('Teacher Calendar'!$G$313:$G$322<>0),ROW('Teacher Calendar'!$G$313:$G$322)-ROW('Teacher Calendar'!$G$313)+1),2)),"")} -> Warm Up | E101: {=IFERROR(INDEX('Teacher Calendar'!$H$313:$H$322,SMALL(IF(('Teacher Calendar'!$H$313:$H$322<>"")*('Teacher Calendar'!$H$313:$H$322<>0),ROW('Teacher Calendar'!$H$313:$H$322)-ROW('Teacher Calendar'!$H$313)+1),2)),"")} -> Warm Up
...

Sheet Teacher Calendar
C1: WK | D1: Monday | E1: Tuesday | F1: Wednesday | G1: Thursday | H1: Friday
A2: =B2+1 -> 11 | B2: =$C$2*10 -> 10 | C2: 1 | D2: =vlookup($A2,$A$15:$H$391,4) -> 46265 | E2: =vlookup($A2,$A$15:$H$391, 5) -> 46266 | F2: =vlookup($A2,$A$15:$H$391,6) -> 46267 | G2: =vlookup($A2,$A$15:$H$391,7) -> 46268 | H2: =vlookup($A2,$A$15:$H$391,8) -> 46269
A3: =B3+2 -> 12 | B3: =$C$2*10 -> 10 | D3: =vlookup($A3,$A$15:$H$391,4) -> 0.1 Get Acquainted | E3: =vlookup($A3,$A$15:$H$391, 5) -> 0.1 Get Acquainted | F3: =vlookup($A3,$A$15:$H$391,6) -> 0.1 Get Acquainted | G3: =vlookup($A3,$A$15:$H$391,7) -> House Keeping | H3: =vlookup($A3,$A$15:$H$391,8)
A4: =B4+3 -> 13 | B4: =$C$2*10 -> 10 | D4: =vlookup($A4,$A$15:$H$391,4) -> Warm Up | E4: =vlookup($A4,$A$15:$H$391, 5) -> Warm Up | F4: =vlookup($A4,$A$15:$H$391,6) -> Warm Up | G4: =vlookup($A4,$A$15:$H$391,7) -> Warm Up | H4: =vlookup($A4,$A$15:$H$391,8) -> Labor Day
A5: =B5+4 -> 14 | B5: =$C$2*10 -> 10 | D5: =vlookup($A5,$A$15:$H$391,4) -> Notes | E5: =vlookup($A5,$A$15:$H$391, 5) -> Investigation | F5: =vlookup($A5,$A$15:$H$391,6) -> Investigation | G5: =vlookup($A5,$A$15:$H$391,7) -> Activity | H5: =vlookup($A5,$A$15:$H$391,8)
A6: =B6+5 -> 15 | B6: =$C$2*10 -> 10 | D6: =vlookup($A6,$A$15:$H$391,4) -> Practice Set | E6: =vlookup($A6,$A$15:$H$391, 5) -> Practice Set | F6: =vlookup($A6,$A$15:$H$391,6) -> Activity | G6: =vlookup($A6,$A$15:$H$391,7) -> Return Portfolio | H6: =vlookup($A6,$A$15:$H$391,8)
A7: =B7+6 -> 16 | B7: =$C$2*10 -> 10 | D7: =vlookup($A7,$A$15:$H$391,4) | E7: =vlookup($A7,$A$15:$H$391, 5) -> Extra Practice | F7: =vlookup($A7,$A$15:$H$391,6) -> Practice Set | G7: =vlookup($A7,$A$15:$H$391,7) -> Overview | H7: =vlookup($A7,$A$15:$H$391,8)
A8: =B8+7 -> 17 | B8: =$C$2*10 -> 10 | D8: =vlookup($A8,$A$15:$H$391,4) | E8: =vlookup($A8,$A$15:$H$391, 5) | F8: =vlookup($A8,$A$15:$H$391,6) -> Extra Practice | G8: =vlookup($A8,$A$15:$H$391,7) -> Survey | H8: =vlookup($A8,$A$15:$H$391,8)
A9: =B9+8 -> 18 | B9: =$C$2*10 -> 10 | D9: =vlookup($A9,$A$15:$H$391,4) | E9: =vlookup($A9,$A$15:$H$391, 5) | F9: =vlookup($A9,$A$15:$H$391,6) | G9: =vlookup($A9,$A$15:$H$391,7) | H9: =vlookup($A9,$A$15:$H$391,8)
C10: Scroll Down for Previous Weeks
D11: 1 | E11: =D11+1 -> 2 | F11: =E11+1 -> 3 | G11: =F11+1 -> 4 | I11: =D11 -> 1 | J11: =E11 -> 2 | K11: =F11 -> 3 | L11: =G11 -> 4 | M11: =H11
D12: Don't Change Weeks columns below. Hide these 3 rows at start of school.
D13: In order to update week Just change week number. Also don't edit week above. If you need to change lesson do it below.
D14: Enter Start Date Below
A15: =B15+1 -> 11 | B15: =$C$15*10 -> 10 | C15: 1 | D15: 46265 | E15: =D15+1 -> 46266 | F15: =E15+1 -> 46267 | G15: =F15+1 -> 46268 | H15: =G15+1 -> 46269 | I15: Change number above
A16: =B16+2 -> 12 | B16: =$C$15*10 -> 10 | D16: =if(isblank(I16),"",vlookup(I16,Pacing!$A$1:$Z$213,2)) -> 0.1 Get Acquainted | E16: =if(isblank(J16),"",vlookup(J16,Pacing!$A$1:$Z$213,2)) -> 0.1 Get Acquainted | F16: =if(isblank(K16),"",vlookup(K16,Pacing!$A$1:$Z$213,2)) -> 0.1 Get Acquainted | G16: =if(isblank(L16),"",vlookup(L16,Pacing!$A$1:$Z$213,2)) -> House Keeping | H16: =if(isblank(M16),"",vlookup(M16,Pacing!$A$1:$Z$213,2)) | I16: =I11 -> 1 | J16: =J11 -> 2 | K16: =K11 -> 3 | L16: =L11 -> 4 | M16: =M11
A17: =B17+3 -> 13 | B17: =$C$15*10 -> 10 | D17: =if(isblank(I17),"",vlookup(I17,Pacing!$A$1:$Z$213,3)) -> Warm Up | E17: =if(isblank(J17),"",vlookup(J17,Pacing!$A$1:$Z$213,3)) -> Warm Up | F17: =if(isblank(K17),"",vlookup(K17,Pacing!$A$1:$Z$213,3)) -> Warm Up | G17: =if(isblank(L17),"",vlookup(L17,Pacing!$A$1:$Z$213,3)) -> Warm Up | H17: Labor Day | I17: =I16 -> 1 | J17: =J16 -> 2 | K17: =K16 -> 3 | L17: =L16 -> 4 | M17: =M16
A18: =B18+4 -> 14 | B18: =$C$15*10 -> 10 | D18: =if(isblank(I18),"",vlookup(I18,Pacing!$A$1:$Z$213,4)) -> Notes | E18: =if(isblank(J18),"",vlookup(J18,Pacing!$A$1:$Z$213,4)) -> Investigation | F18: =if(isblank(K18),"",vlookup(K18,Pacing!$A$1:$Z$213,4)) -> Investigation | G18: =if(isblank(L18),"",vlookup(L18,Pacing!$A$1:$Z$213,4)) -> Activity | H18: =if(isblank(M18),"",vlookup(M18,Pacing!$A$1:$Z$213,4)) | I18: =I17 -> 1 | J18: =J17 -> 2 | K18: =K17 -> 3 | L18: =L17 -> 4 | M18: =M17
A19: =B19+5 -> 15 | B19: =$C$15*10 -> 10 | D19: =if(isblank(I19),"",vlookup(I19,Pacing!$A$1:$Z$213,5)) -> Practice Set | E19: =if(isblank(J19),"",vlookup(J19,Pacing!$A$1:$Z$213,5)) -> Practice Set | F19: =if(isblank(K19),"",vlookup(K19,Pacing!$A$1:$Z$213,5)) -> Activity | G19: =if(isblank(L19),"",vlookup(L19,Pacing!$A$1:$Z$213,5)) -> Return Portfolio | H19: =if(isblank(M19),"",vlookup(M19,Pacing!$A$1:$Z$213,5)) | I19: =I18 -> 1 | J19: =J18 -> 2 | K19: =K18 -> 3 | L19: =L18 -> 4 | M19: =M18
A20: =B20+6 -> 16 | B20: =$C$15*10 -> 10 | D20: =if(isblank(I20),"",vlookup(I20,Pacing!$A$1:$Z$213,6)) | E20: =if(isblank(J20),"",vlookup(J20,Pacing!$A$1:$Z$213,6)) -> Extra Practice | F20: =if(isblank(K20),"",vlookup(K20,Pacing!$A$1:$Z$213,6)) -> Practice Set | G20: =if(isblank(L20),"",vlookup(L20,Pacing!$A$1:$Z$213,6)) -> Overview | H20: =if(isblank(M20),"",vlookup(M20,Pacing!$A$1:$Z$213,6)) | I20: =I19 -> 1 | J20: =J19 -> 2 | K20: =K19 -> 3 | L20: =L19 -> 4 | M20: =M19
A21: =B21+7 -> 17 | B21: =$C$15*10 -> 10 | D21: =if(isblank(I21),"",vlookup(I21,Pacing!$A$1:$Z$213,7)) | E21: =if(isblank(J21),"",vlookup(J21,Pacing!$A$1:$Z$213,7)) | F21: =if(isblank(K21),"",vlookup(K21,Pacing!$A$1:$Z$213,7)) -> Extra Practice | G21: =if(isblank(L21),"",vlookup(L21,Pacing!$A$1:$Z$213,7)) -> Survey | H21: =if(isblank(M21),"",vlookup(M21,Pacing!$A$1:$Z$213,7)) | I21: =I20 -> 1 | J21: =J20 -> 2 | K21: =K20 -> 3 | L21: =L20 -> 4 | M21: =M20
A22: =B22+8 -> 18 | B22: =$C$15*10 -> 10 | D22: =if(isblank(I22),"",vlookup(I22,Pacing!$A$1:$Z$213,8)) | E22: =if(isblank(J22),"",vlookup(J22,Pacing!$A$1:$Z$213,8)) | F22: =if(isblank(K22),"",vlookup(K22,Pacing!$A$1:$Z$213,8)) | G22: =if(isblank(L22),"",vlookup(L22,Pacing!$A$1:$Z$213,8)) | H22: =if(isblank(M22),"",vlookup(M22,Pacing!$A$1:$Z$213,8)) | I22: =I21 -> 1 | J22: =J21 -> 2 | K22: =K21 -> 3 | L22: =L21 -> 4 | M22: =M21
D23: =if(isblank(I23),"",vlookup(I23,Pacing!$A$1:$Z$213,9)) | E23: =if(isblank(J23),"",vlookup(J23,Pacing!$A$1:$Z$213,9)) | F23: =if(isblank(K23),"",vlookup(K23,Pacing!$A$1:$Z$213,9)) | G23: =if(isblank(L23),"",vlookup(L23,Pacing!$A$1:$Z$213,9)) | H23: =if(isblank(M23),"",vlookup(M23,Pacing!$A$1:$Z$213,9)) | I23: =I22 -> 1 | J23: =J22 -> 2 | K23: =K22 -> 3 | L23: =L22 -> 4 | M23: =M22
D24: =if(isblank(I24),"",vlookup(I24,Pacing!$A$1:$Z$213,10)) | E24: =if(isblank(J24),"",vlookup(J24,Pacing!$A$1:$Z$213,10)) | F24: =if(isblank(K24),"",vlookup(K24,Pacing!$A$1:$Z$213,10)) | G24: =if(isblank(L24),"",vlookup(L24,Pacing!$A$1:$Z$213,10)) | H24: =if(isblank(M24),"",vlookup(M24,Pacing!$A$1:$Z$213,10)) | I24: =I23 -> 1 | J24: =J23 -> 2 | K24: =K23 -> 3 | L24: =L23 -> 4 | M24: =M23
D25: =if(isblank(I25),"",vlookup(I25,Pacing!$A$1:$Z$213,11)) | E25: =if(isblank(J25),"",vlookup(J25,Pacing!$A$1:$Z$213,11)) | F25: =if(isblank(K25),"",vlookup(K25,Pacing!$A$1:$Z$213,11)) | G25: =if(isblank(L25),"",vlookup(L25,Pacing!$A$1:$Z$213,11)) | H25: =if(isblank(M25),"",vlookup(M25,Pacing!$A$1:$Z$213,11)) | I25: =I24 -> 1 | J25: =J24 -> 2 | K25: =K24 -> 3 | L25: =L24 -> 4 | M25: =M24
D26: =if(isblank(I26),"",vlookup(I26,Pacing!$A$1:$Z$213,12)) | E26: =if(isblank(J26),"",vlookup(J26,Pacing!$A$1:$Z$213,12)) | F26: =if(isblank(K26),"",vlookup(K26,Pacing!$A$1:$Z$213,12)) | G26: =if(isblank(L26),"",vlookup(L26,Pacing!$A$1:$Z$213,12)) | H26: =if(isblank(M26),"",vlookup(M26,Pacing!$A$1:$Z$213,12)) | I26: =I25 -> 1 | J26: =J25 -> 2 | K26: =K25 -> 3 | L26: =L25 -> 4 | M26: =M25
D27: =if(isblank(I27),"",vlookup(I27,Pacing!$A$1:$Z$213,13)) | E27: =if(isblank(J27),"",vlookup(J27,Pacing!$A$1:$Z$213,13)) | F27: =if(isblank(K27),"",vlookup(K27,Pacing!$A$1:$Z$213,13)) | G27: =if(isblank(L27),"",vlookup(L27,Pacing!$A$1:$Z$213,13)) | H27: =if(isblank(M27),"",vlookup(M27,Pacing!$A$1:$Z$213,13)) | I27: =I26 -> 1 | J27: =J26 -> 2 | K27: =K26 -> 3 | L27: =L26 -> 4 | M27: =M26
D28: =if(isblank(I28),"",vlookup(I28,Pacing!$A$1:$Z$213,14)) -> Notes Teacher | E28: =if(isblank(J28),"",vlookup(J28,Pacing!$A$1:$Z$213,14)) -> Invest Teacher | F28: =if(isblank(K28),"",vlookup(K28,Pacing!$A$1:$Z$213,14)) -> Invest Teacher | G28: =if(isblank(L28),"",vlookup(L28,Pacing!$A$1:$Z$213,14)) | H28: =if(isblank(M28),"",vlookup(M28,Pacing!$A$1:$Z$213,14)) | I28: =I27 -> 1 | J28: =J27 -> 2 | K28: =K27 -> 3 | L28: =L27 -> 4 | M28: =M27
D29: =if(isblank(I29),"",vlookup(I29,Pacing!$A$1:$Z$213,15)) -> Exit Ticket | E29: =if(isblank(J29),"",vlookup(J29,Pacing!$A$1:$Z$213,15)) -> Exit Ticket | F29: =if(isblank(K29),"",vlookup(K29,Pacing!$A$1:$Z$213,15)) -> Exit Ticket | G29: =if(isblank(L29),"",vlookup(L29,Pacing!$A$1:$Z$213,15)) | H29: =if(isblank(M29),"",vlookup(M29,Pacing!$A$1:$Z$213,15)) | I29: =I28 -> 1 | J29: =J28 -> 2 | K29: =K28 -> 3 | L29: =L28 -> 4 | M29: =M28
D30: =if(isblank(I30),"",vlookup(I30,Pacing!$A$1:$Z$213,16)) -> Give Exit Ticket | E30: =if(isblank(J30),"",vlookup(J30,Pacing!$A$1:$Z$213,16)) -> all 3 days. | F30: =if(isblank(K30),"",vlookup(K30,Pacing!$A$1:$Z$213,16)) | G30: =if(isblank(L30),"",vlookup(L30,Pacing!$A$1:$Z$213,16)) | H30: =if(isblank(M30),"",vlookup(M30,Pacing!$A$1:$Z$213,16)) | I30: =I29 -> 1 | J30: =J29 -> 2 | K30: =K29 -> 3 | L30: =L29 -> 4 | M30: =M29
D31: =if(isblank(I31),"",vlookup(I31,Pacing!$A$1:$Z$213,17)) -> PT Teacher | E31: =if(isblank(J31),"",vlookup(J31,Pacing!$A$1:$Z$213,17)) -> PT Teacher | F31: =if(isblank(K31),"",vlookup(K31,Pacing!$A$1:$Z$213,17)) -> PT Teacher | G31: =if(isblank(L31),"",vlookup(L31,Pacing!$A$1:$Z$213,17)) | H31: =if(isblank(M31),"",vlookup(M31,Pacing!$A$1:$Z$213,17)) | I31: =I30 -> 1 | J31: =J30 -> 2 | K31: =K30 -> 3 | L31: =L30 -> 4 | M31: =M30
D32: =if(isblank(I32),"",vlookup(I32,Pacing!$A$1:$Z$213,18)) -> Assess Plan | E32: =if(isblank(J32),"",vlookup(J32,Pacing!$A$1:$Z$213,18)) -> Assess Plan | F32: =if(isblank(K32),"",vlookup(K32,Pacing!$A$1:$Z$213,18)) -> Assess Plan | G32: =if(isblank(L32),"",vlookup(L32,Pacing!$A$1:$Z$213,18)) | H32: =if(isblank(M32),"",vlookup(M32,Pacing!$A$1:$Z$213,18)) | I32: =I31 -> 1 | J32: =J31 -> 2 | K32: =K31 -> 3 | L32: =L31 -> 4 | M32: =M31
D33: =if(isblank(I33),"",vlookup(I33,Pacing!$A$1:$Z$213,19)) -> Perform Task | E33: =if(isblank(J33),"",vlookup(J33,Pacing!$A$1:$Z$213,19)) -> Perform Task | F33: =if(isblank(K33),"",vlookup(K33,Pacing!$A$1:$Z$213,19)) -> Perform Task | G33: =if(isblank(L33),"",vlookup(L33,Pacing!$A$1:$Z$213,19)) | H33: =if(isblank(M33),"",vlookup(M33,Pacing!$A$1:$Z$213,19)) | I33: =I32 -> 1 | J33: =J32 -> 2 | K33: =K32 -> 3 | L33: =L32 -> 4 | M33: =M32
D34: =if(isblank(I34),"",vlookup(I34,Pacing!$A$1:$Z$213,20)) -> Quick Check | E34: =if(isblank(J34),"",vlookup(J34,Pacing!$A$1:$Z$213,20)) -> Quick Check | F34: =if(isblank(K34),"",vlookup(K34,Pacing!$A$1:$Z$213,20)) -> Quick Check | G34: =if(isblank(L34),"",vlookup(L34,Pacing!$A$1:$Z$213,20)) | H34: =if(isblank(M34),"",vlookup(M34,Pacing!$A$1:$Z$213,20)) | I34: =I33 -> 1 | J34: =J33 -> 2 | K34: =K33 -> 3 | L34: =L33 -> 4 | M34: =M33
D35: =if(isblank(I35),"",vlookup(I35,Pacing!$A$1:$Z$213,21)) -> Exit Ticket | E35: =if(isblank(J35),"",vlookup(J35,Pacing!$A$1:$Z$213,21)) -> Exit Ticket | F35: =if(isblank(K35),"",vlookup(K35,Pacing!$A$1:$Z$213,21)) -> Exit Ticket | G35: =if(isblank(L35),"",vlookup(L35,Pacing!$A$1:$Z$213,21)) | H35: =if(isblank(M35),"",vlookup(M35,Pacing!$A$1:$Z$213,21)) | I35: =I34 -> 1 | J35: =J34 -> 2 | K35: =K34 -> 3 | L35: =L34 -> 4 | M35: =M34
D36: =if(isblank(I36),"",vlookup(I36,Pacing!$A$1:$Z$213,22)) -> Practice 2 | E36: =if(isblank(J36),"",vlookup(J36,Pacing!$A$1:$Z$213,22)) -> Practice 2 | F36: =if(isblank(K36),"",vlookup(K36,Pacing!$A$1:$Z$213,22)) -> Practice 2 | G36: =if(isblank(L36),"",vlookup(L36,Pacing!$A$1:$Z$213,22)) | H36: =if(isblank(M36),"",vlookup(M36,Pacing!$A$1:$Z$213,22)) | I36: =I35 -> 1 | J36: =J35 -> 2 | K36: =K35 -> 3 | L36: =L35 -> 4 | M36: =M35
D37: =if(isblank(I37),"",vlookup(I37,Pacing!$A$1:$Z$213,23)) -> Practice 3 | E37: =if(isblank(J37),"",vlookup(J37,Pacing!$A$1:$Z$213,23)) -> Practice 3 | F37: =if(isblank(K37),"",vlookup(K37,Pacing!$A$1:$Z$213,23)) -> Practice 3 | G37: =if(isblank(L37),"",vlookup(L37,Pacing!$A$1:$Z$213,23)) | H37: =if(isblank(M37),"",vlookup(M37,Pacing!$A$1:$Z$213,23)) | I37: =I36 -> 1 | J37: =J36 -> 2 | K37: =K36 -> 3 | L37: =L36 -> 4 | M37: =M36
D38: =if(isblank(I38),"",vlookup(I38,Pacing!$A$1:$Z$213,24)) | E38: =if(isblank(J38),"",vlookup(J38,Pacing!$A$1:$Z$213,24)) | F38: =if(isblank(K38),"",vlookup(K38,Pacing!$A$1:$Z$213,24)) | G38: =if(isblank(L38),"",vlookup(L38,Pacing!$A$1:$Z$213,24)) | H38: =if(isblank(M38),"",vlookup(M38,Pacing!$A$1:$Z$213,24)) | I38: =I37 -> 1 | J38: =J37 -> 2 | K38: =K37 -> 3 | L38: =L37 -> 4 | M38: =M37
D39: =if(isblank(I39),"",vlookup(I39,Pacing!$A$1:$Z$213,25)) | E39: =if(isblank(J39),"",vlookup(J39,Pacing!$A$1:$Z$213,25)) | F39: =if(isblank(K39),"",vlookup(K39,Pacing!$A$1:$Z$213,25)) | G39: =if(isblank(L39),"",vlookup(L39,Pacing!$A$1:$Z$213,25)) | H39: =if(isblank(M39),"",vlookup(M39,Pacing!$A$1:$Z$213,25)) | I39: =I38 -> 1 | J39: =J38 -> 2 | K39: =K38 -> 3 | L39: =L38 -> 4 | M39: =M38
D40: =if(isblank(I40),"",vlookup(I40,Pacing!$A$1:$Z$213,26)) | E40: =if(isblank(J40),"",vlookup(J40,Pacing!$A$1:$Z$213,26)) | F40: =if(isblank(K40),"",vlookup(K40,Pacing!$A$1:$Z$213,26)) | G40: =if(isblank(L40),"",vlookup(L40,Pacing!$A$1:$Z$213,26)) | H40: =if(isblank(M40),"",vlookup(M40,Pacing!$A$1:$Z$213,26)) | I40: =I39 -> 1 | J40: =J39 -> 2 | K40: =K39 -> 3 | L40: =L39 -> 4 | M40: =M39
E41: =G11+1 -> 5 | F41: =E41+1 -> 6 | G41: =F41+1 -> 7 | H41: =G41+1 -> 8 | I41: =D41 | J41: =E41 -> 5 | K41: =F41 -> 6 | L41: =G41 -> 7 | M41: =H41 -> 8
A42: =B42+1 -> 21 | B42: =$C$42*10 -> 20 | C42: =C15+1 -> 2 | D42: =D15+7 -> 46272 | E42: =D42+1 -> 46273 | F42: =E42+1 -> 46274 | G42: =F42+1 -> 46275 | H42: =G42+1 -> 46276 | I42: Change number above
A43: =B43+2 -> 22 | B43: =$C$42*10 -> 20 | D43: =if(isblank(I43),"",vlookup(I43,Pacing!$A$1:$Z$213,2)) | E43: =if(isblank(J43),"",vlookup(J43,Pacing!$A$1:$Z$213,2)) -> 1.1: Think Physics | F43: =if(isblank(K43),"",vlookup(K43,Pacing!$A$1:$Z$213,2)) -> 1.1: Think Physics | G43: =if(isblank(L43),"",vlookup(L43,Pacing!$A$1:$Z$213,2)) -> 1.1: Think Physics | H43: =if(isblank(M43),"",vlookup(M43,Pacing!$A$1:$Z$213,2)) -> 1.2: Forces & N1L | I43: =I41 | J43: =J41 -> 5 | K43: =K41 -> 6 | L43: =L41 -> 7 | M43: =M41 -> 8
A44: =B44+3 -> 23 | B44: =$C$42*10 -> 20 | D44: =if(isblank(I44),"",vlookup(I44,Pacing!$A$1:$Z$213,3)) | E44: =if(isblank(J44),"",vlookup(J44,Pacing!$A$1:$Z$213,3)) -> Warm Up | F44: =if(isblank(K44),"",vlookup(K44,Pacing!$A$1:$Z$213,3)) -> Warm Up | G44: =if(isblank(L44),"",vlookup(L44,Pacing!$A$1:$Z$213,3)) -> Warm Up | H44: =if(isblank(M44),"",vlookup(M44,Pacing!$A$1:$Z$213,3)) -> Warm Up | I44: =I43 | J44: =J43 -> 5 | K44: =K43 -> 6 | L44: =L43 -> 7 | M44: =M43 -> 8
A45: =B45+4 -> 24 | B45: =$C$42*10 -> 20 | D45: =if(isblank(I45),"",vlookup(I45,Pacing!$A$1:$Z$213,4)) | E45: =if(isblank(J45),"",vlookup(J45,Pacing!$A$1:$Z$213,4)) -> Demo | F45: =if(isblank(K45),"",vlookup(K45,Pacing!$A$1:$Z$213,4)) -> Demo | G45: =if(isblank(L45),"",vlookup(L45,Pacing!$A$1:$Z$213,4)) -> Demo | H45: =if(isblank(M45),"",vlookup(M45,Pacing!$A$1:$Z$213,4)) -> Demo | I45: =I44 | J45: =J44 -> 5 | K45: =K44 -> 6 | L45: =L44 -> 7 | M45: =M44 -> 8
A46: =B46+5 -> 25 | B46: =$C$42*10 -> 20 | D46: =if(isblank(I46),"",vlookup(I46,Pacing!$A$1:$Z$213,5)) | E46: =if(isblank(J46),"",vlookup(J46,Pacing!$A$1:$Z$213,5)) -> Notes | F46: =if(isblank(K46),"",vlookup(K46,Pacing!$A$1:$Z$213,5)) -> Notes | G46: =if(isblank(L46),"",vlookup(L46,Pacing!$A$1:$Z$213,5)) -> Notes | H46: =if(isblank(M46),"",vlookup(M46,Pacing!$A$1:$Z$213,5)) -> Notes | I46: =I45 | J46: =J45 -> 5 | K46: =K45 -> 6 | L46: =L45 -> 7 | M46: =M45 -> 8
A47: =B47+6 -> 26 | B47: =$C$42*10 -> 20 | D47: =if(isblank(I47),"",vlookup(I47,Pacing!$A$1:$Z$213,6)) | E47: =if(isblank(J47),"",vlookup(J47,Pacing!$A$1:$Z$213,6)) -> Investigation | F47: =if(isblank(K47),"",vlookup(K47,Pacing!$A$1:$Z$213,6)) -> Investigation | G47: =if(isblank(L47),"",vlookup(L47,Pacing!$A$1:$Z$213,6)) -> Investigation | H47: =if(isblank(M47),"",vlookup(M47,Pacing!$A$1:$Z$213,6)) -> Investigation | I47: =I46 | J47: =J46 -> 5 | K47: =K46 -> 6 | L47: =L46 -> 7 | M47: =M46 -> 8
A48: =B48+7 -> 27 | B48: =$C$42*10 -> 20 | D48: =if(isblank(I48),"",vlookup(I48,Pacing!$A$1:$Z$213,7)) | E48: =if(isblank(J48),"",vlookup(J48,Pacing!$A$1:$Z$213,7)) -> Activity | F48: =if(isblank(K48),"",vlookup(K48,Pacing!$A$1:$Z$213,7)) -> Activity | G48: =if(isblank(L48),"",vlookup(L48,Pacing!$A$1:$Z$213,7)) -> Activity | H48: =if(isblank(M48),"",vlookup(M48,Pacing!$A$1:$Z$213,7)) -> Activity | I48: =I47 | J48: =J47 -> 5 | K48: =K47 -> 6 | L48: =L47 -> 7 | M48: =M47 -> 8
A49: =B49+8 -> 28 | B49: =$C$42*10 -> 20 | D49: =if(isblank(I49),"",vlookup(I49,Pacing!$A$1:$Z$213,8)) | E49: =if(isblank(J49),"",vlookup(J49,Pacing!$A$1:$Z$213,8)) -> Practice Set | F49: =if(isblank(K49),"",vlookup(K49,Pacing!$A$1:$Z$213,8)) -> Practice Set | G49: =if(isblank(L49),"",vlookup(L49,Pacing!$A$1:$Z$213,8)) -> Practice Set | H49: =if(isblank(M49),"",vlookup(M49,Pacing!$A$1:$Z$213,8)) -> Practice Set | I49: =I48 | J49: =J48 -> 5 | K49: =K48 -> 6 | L49: =L48 -> 7 | M49: =M48 -> 8
D50: =if(isblank(I50),"",vlookup(I50,Pacing!$A$1:$Z$213,9)) | E50: =if(isblank(J50),"",vlookup(J50,Pacing!$A$1:$Z$213,9)) -> Extra Practice | F50: =if(isblank(K50),"",vlookup(K50,Pacing!$A$1:$Z$213,9)) -> Extra Practice | G50: =if(isblank(L50),"",vlookup(L50,Pacing!$A$1:$Z$213,9)) -> Extra Practice | H50: =if(isblank(M50),"",vlookup(M50,Pacing!$A$1:$Z$213,9)) -> Extra Practice | I50: =I49 | J50: =J49 -> 5 | K50: =K49 -> 6 | L50: =L49 -> 7 | M50: =M49 -> 8
D51: =if(isblank(I51),"",vlookup(I51,Pacing!$A$1:$Z$213,10)) | E51: =if(isblank(J51),"",vlookup(J51,Pacing!$A$1:$Z$213,10)) -> CYU | F51: =if(isblank(K51),"",vlookup(K51,Pacing!$A$1:$Z$213,10)) -> CYU | G51: =if(isblank(L51),"",vlookup(L51,Pacing!$A$1:$Z$213,10)) -> CYU | H51: =if(isblank(M51),"",vlookup(M51,Pacing!$A$1:$Z$213,10)) -> CYU | I51: =I50 | J51: =J50 -> 5 | K51: =K50 -> 6 | L51: =L50 -> 7 | M51: =M50 -> 8
D52: =if(isblank(I52),"",vlookup(I52,Pacing!$A$1:$Z$213,11)) | E52: =if(isblank(J52),"",vlookup(J52,Pacing!$A$1:$Z$213,11)) -> Progress | F52: =if(isblank(K52),"",vlookup(K52,Pacing!$A$1:$Z$213,11)) -> Progress | G52: =if(isblank(L52),"",vlookup(L52,Pacing!$A$1:$Z$213,11)) -> Progress | H52: =if(isblank(M52),"",vlookup(M52,Pacing!$A$1:$Z$213,11)) -> Progress | I52: =I51 | J52: =J51 -> 5 | K52: =K51 -> 6 | L52: =L51 -> 7 | M52: =M51 -> 8
D53: =if(isblank(I53),"",vlookup(I53,Pacing!$A$1:$Z$213,12)) | E53: =if(isblank(J53),"",vlookup(J53,Pacing!$A$1:$Z$213,12)) -> Review | F53: =if(isblank(K53),"",vlookup(K53,Pacing!$A$1:$Z$213,12)) -> Review | G53: =if(isblank(L53),"",vlookup(L53,Pacing!$A$1:$Z$213,12)) -> Review | H53: =if(isblank(M53),"",vlookup(M53,Pacing!$A$1:$Z$213,12)) -> Review | I53: =I52 | J53: =J52 -> 5 | K53: =K52 -> 6 | L53: =L52 -> 7 | M53: =M52 -> 8
D54: =if(isblank(I54),"",vlookup(I54,Pacing!$A$1:$Z$213,13)) | E54: =if(isblank(J54),"",vlookup(J54,Pacing!$A$1:$Z$213,13)) | F54: =if(isblank(K54),"",vlookup(K54,Pacing!$A$1:$Z$213,13)) | G54: =if(isblank(L54),"",vlookup(L54,Pacing!$A$1:$Z$213,13)) | H54: =if(isblank(M54),"",vlookup(M54,Pacing!$A$1:$Z$213,13)) | I54: =I53 | J54: =J53 -> 5 | K54: =K53 -> 6 | L54: =L53 -> 7 | M54: =M53 -> 8
D55: =if(isblank(I55),"",vlookup(I55,Pacing!$A$1:$Z$213,14)) | E55: =if(isblank(J55),"",vlookup(J55,Pacing!$A$1:$Z$213,14)) -> Notes Teacher | F55: =if(isblank(K55),"",vlookup(K55,Pacing!$A$1:$Z$213,14)) -> Notes Teacher | G55: =if(isblank(L55),"",vlookup(L55,Pacing!$A$1:$Z$213,14)) -> Notes Teacher | H55: =if(isblank(M55),"",vlookup(M55,Pacing!$A$1:$Z$213,14)) -> Notes Teacher | I55: =I54 | J55: =J54 -> 5 | K55: =K54 -> 6 | L55: =L54 -> 7 | M55: =M54 -> 8
D56: =if(isblank(I56),"",vlookup(I56,Pacing!$A$1:$Z$213,15)) | E56: =if(isblank(J56),"",vlookup(J56,Pacing!$A$1:$Z$213,15)) -> Demo Teacher | F56: =if(isblank(K56),"",vlookup(K56,Pacing!$A$1:$Z$213,15)) -> Demo Teacher | G56: =if(isblank(L56),"",vlookup(L56,Pacing!$A$1:$Z$213,15)) -> Demo Teacher | H56: =if(isblank(M56),"",vlookup(M56,Pacing!$A$1:$Z$213,15)) -> Demo Teacher | I56: =I55 | J56: =J55 -> 5 | K56: =K55 -> 6 | L56: =L55 -> 7 | M56: =M55 -> 8
D57: =if(isblank(I57),"",vlookup(I57,Pacing!$A$1:$Z$213,16)) | E57: =if(isblank(J57),"",vlookup(J57,Pacing!$A$1:$Z$213,16)) -> Invest Teacher | F57: =if(isblank(K57),"",vlookup(K57,Pacing!$A$1:$Z$213,16)) -> Invest Teacher | G57: =if(isblank(L57),"",vlookup(L57,Pacing!$A$1:$Z$213,16)) -> Invest Teacher | H57: =if(isblank(M57),"",vlookup(M57,Pacing!$A$1:$Z$213,16)) -> Invest Teacher | I57: =I56 | J57: =J56 -> 5 | K57: =K56 -> 6 | L57: =L56 -> 7 | M57: =M56 -> 8
D58: =if(isblank(I58),"",vlookup(I58,Pacing!$A$1:$Z$213,17)) | E58: =if(isblank(J58),"",vlookup(J58,Pacing!$A$1:$Z$213,17)) -> PT Teacher | F58: =if(isblank(K58),"",vlookup(K58,Pacing!$A$1:$Z$213,17)) -> PT Teacher | G58: =if(isblank(L58),"",vlookup(L58,Pacing!$A$1:$Z$213,17)) -> PT Teacher | H58: =if(isblank(M58),"",vlookup(M58,Pacing!$A$1:$Z$213,17)) -> PT Teacher | I58: =I57 | J58: =J57 -> 5 | K58: =K57 -> 6 | L58: =L57 -> 7 | M58: =M57 -> 8
D59: =if(isblank(I59),"",vlookup(I59,Pacing!$A$1:$Z$213,18)) | E59: =if(isblank(J59),"",vlookup(J59,Pacing!$A$1:$Z$213,18)) -> Assess Plan | F59: =if(isblank(K59),"",vlookup(K59,Pacing!$A$1:$Z$213,18)) -> Assess Plan | G59: =if(isblank(L59),"",vlookup(L59,Pacing!$A$1:$Z$213,18)) -> Assess Plan | H59: =if(isblank(M59),"",vlookup(M59,Pacing!$A$1:$Z$213,18)) -> Assess Plan | I59: =I58 | J59: =J58 -> 5 | K59: =K58 -> 6 | L59: =L58 -> 7 | M59: =M58 -> 8
D60: =if(isblank(I60),"",vlookup(I60,Pacing!$A$1:$Z$213,19)) | E60: =if(isblank(J60),"",vlookup(J60,Pacing!$A$1:$Z$213,19)) -> Perform Task | F60: =if(isblank(K60),"",vlookup(K60,Pacing!$A$1:$Z$213,19)) -> Perform Task | G60: =if(isblank(L60),"",vlookup(L60,Pacing!$A$1:$Z$213,19)) -> Perform Task | H60: =if(isblank(M60),"",vlookup(M60,Pacing!$A$1:$Z$213,19)) -> Perform Task | I60: =I59 | J60: =J59 -> 5 | K60: =K59 -> 6 | L60: =L59 -> 7 | M60: =M59 -> 8
D61: =if(isblank(I61),"",vlookup(I61,Pacing!$A$1:$Z$213,20)) | E61: =if(isblank(J61),"",vlookup(J61,Pacing!$A$1:$Z$213,20)) -> Quick Check | F61: =if(isblank(K61),"",vlookup(K61,Pacing!$A$1:$Z$213,20)) -> Quick Check | G61: =if(isblank(L61),"",vlookup(L61,Pacing!$A$1:$Z$213,20)) -> Quick Check | H61: =if(isblank(M61),"",vlookup(M61,Pacing!$A$1:$Z$213,20)) -> Quick Check | I61: =I60 | J61: =J60 -> 5 | K61: =K60 -> 6 | L61: =L60 -> 7 | M61: =M60 -> 8
D62: =if(isblank(I62),"",vlookup(I62,Pacing!$A$1:$Z$213,21)) | E62: =if(isblank(J62),"",vlookup(J62,Pacing!$A$1:$Z$213,21)) -> Exit Ticket | F62: =if(isblank(K62),"",vlookup(K62,Pacing!$A$1:$Z$213,21)) -> Exit Ticket | G62: =if(isblank(L62),"",vlookup(L62,Pacing!$A$1:$Z$213,21)) -> Exit Ticket | H62: =if(isblank(M62),"",vlookup(M62,Pacing!$A$1:$Z$213,21)) -> Exit Ticket | I62: =I61 | J62: =J61 -> 5 | K62: =K61 -> 6 | L62: =L61 -> 7 | M62: =M61 -> 8
D63: =if(isblank(I63),"",vlookup(I63,Pacing!$A$1:$Z$213,22)) | E63: =if(isblank(J63),"",vlookup(J63,Pacing!$A$1:$Z$213,22)) -> Practice 2 | F63: =if(isblank(K63),"",vlookup(K63,Pacing!$A$1:$Z$213,22)) -> Practice 2 | G63: =if(isblank(L63),"",vlookup(L63,Pacing!$A$1:$Z$213,22)) -> Practice 2 | H63: =if(isblank(M63),"",vlookup(M63,Pacing!$A$1:$Z$213,22)) -> Practice 2 | I63: =I62 | J63: =J62 -> 5 | K63: =K62 -> 6 | L63: =L62 -> 7 | M63: =M62 -> 8
D64: =if(isblank(I64),"",vlookup(I64,Pacing!$A$1:$Z$213,23)) | E64: =if(isblank(J64),"",vlookup(J64,Pacing!$A$1:$Z$213,23)) -> Practice 3 | F64: =if(isblank(K64),"",vlookup(K64,Pacing!$A$1:$Z$213,23)) -> Practice 3 | G64: =if(isblank(L64),"",vlookup(L64,Pacing!$A$1:$Z$213,23)) -> Practice 3 | H64: =if(isblank(M64),"",vlookup(M64,Pacing!$A$1:$Z$213,23)) -> Practice 3 | I64: =I63 | J64: =J63 -> 5 | K64: =K63 -> 6 | L64: =L63 -> 7 | M64: =M63 -> 8
D65: =if(isblank(I65),"",vlookup(I65,Pacing!$A$1:$Z$213,24)) | E65: =if(isblank(J65),"",vlookup(J65,Pacing!$A$1:$Z$213,24)) -> Sum Assess | F65: =if(isblank(K65),"",vlookup(K65,Pacing!$A$1:$Z$213,24)) -> Sum Assess | G65: =if(isblank(L65),"",vlookup(L65,Pacing!$A$1:$Z$213,24)) -> Sum Assess | H65: =if(isblank(M65),"",vlookup(M65,Pacing!$A$1:$Z$213,24)) -> Sum Assess | I65: =I64 | J65: =J64 -> 5 | K65: =K64 -> 6 | L65: =L64 -> 7 | M65: =M64 -> 8
D66: =if(isblank(I66),"",vlookup(I66,Pacing!$A$1:$Z$213,25)) | E66: =if(isblank(J66),"",vlookup(J66,Pacing!$A$1:$Z$213,25)) -> Bank | F66: =if(isblank(K66),"",vlookup(K66,Pacing!$A$1:$Z$213,25)) -> Bank | G66: =if(isblank(L66),"",vlookup(L66,Pacing!$A$1:$Z$213,25)) -> Bank | H66: =if(isblank(M66),"",vlookup(M66,Pacing!$A$1:$Z$213,25)) -> Bank | I66: =I65 | J66: =J65 -> 5 | K66: =K65 -> 6 | L66: =L65 -> 7 | M66: =M65 -> 8
D67: =if(isblank(I67),"",vlookup(I67,Pacing!$A$1:$Z$213,26)) | E67: =if(isblank(J67),"",vlookup(J67,Pacing!$A$1:$Z$213,26)) | F67: =if(isblank(K67),"",vlookup(K67,Pacing!$A$1:$Z$213,26)) | G67: =if(isblank(L67),"",vlookup(L67,Pacing!$A$1:$Z$213,26)) | H67: =if(isblank(M67),"",vlookup(M67,Pacing!$A$1:$Z$213,26)) | I67: =I66 | J67: =J66 -> 5 | K67: =K66 -> 6 | L67: =L66 -> 7 | M67: =M66 -> 8
D68: =H41+1 -> 9 | E68: =D68+1 -> 10 | F68: =E68+1 -> 11 | G68: =F68+1 -> 12 | H68: =G68+1 -> 13 | I68: =D68 -> 9 | J68: =E68 -> 10 | K68: =F68 -> 11 | L68: =G68 -> 12 | M68: =H68 -> 13
A69: =B69+1 -> 31 | B69: =$C$69*10 -> 30 | C69: =C42+1 -> 3 | D69: =D42+7 -> 46279 | E69: =D69+1 -> 46280 | F69: =E69+1 -> 46281 | G69: =F69+1 -> 46282 | H69: =G69+1 -> 46283 | I69: Change number above
A70: =B70+2 -> 32 | B70: =$C$69*10 -> 30 | D70: =if(isblank(I70),"",vlookup(I70,Pacing!$A$1:$Z$213,2)) -> 1.2: Forces & N1L | E70: =if(isblank(J70),"",vlookup(J70,Pacing!$A$1:$Z$213,2)) -> 1.2: Forces & N1L | F70: =if(isblank(K70),"",vlookup(K70,Pacing!$A$1:$Z$213,2)) -> 1.3: Net Force & Vec | G70: =if(isblank(L70),"",vlookup(L70,Pacing!$A$1:$Z$213,2)) -> 1.3: Net Force & Vec | H70: =if(isblank(M70),"",vlookup(M70,Pacing!$A$1:$Z$213,2)) -> 1.3: Net Force & Vec | I70: =I68 -> 9 | J70: =J68 -> 10 | K70: =K68 -> 11 | L70: =L68 -> 12 | M70: =M68 -> 13
A71: =B71+3 -> 33 | B71: =$C$69*10 -> 30 | D71: =if(isblank(I71),"",vlookup(I71,Pacing!$A$1:$Z$213,3)) -> Warm Up | E71: =if(isblank(J71),"",vlookup(J71,Pacing!$A$1:$Z$213,3)) -> Warm Up | F71: =if(isblank(K71),"",vlookup(K71,Pacing!$A$1:$Z$213,3)) -> Warm Up | G71: =if(isblank(L71),"",vlookup(L71,Pacing!$A$1:$Z$213,3)) -> Warm Up | H71: =if(isblank(M71),"",vlookup(M71,Pacing!$A$1:$Z$213,3)) -> Warm Up | I71: =I70 -> 9 | J71: =J70 -> 10 | K71: =K70 -> 11 | L71: =L70 -> 12 | M71: =M70 -> 13
A72: =B72+4 -> 34 | B72: =$C$69*10 -> 30 | D72: =if(isblank(I72),"",vlookup(I72,Pacing!$A$1:$Z$213,4)) -> Demo | E72: =if(isblank(J72),"",vlookup(J72,Pacing!$A$1:$Z$213,4)) -> Demo | F72: =if(isblank(K72),"",vlookup(K72,Pacing!$A$1:$Z$213,4)) -> Demo | G72: =if(isblank(L72),"",vlookup(L72,Pacing!$A$1:$Z$213,4)) -> Demo | H72: =if(isblank(M72),"",vlookup(M72,Pacing!$A$1:$Z$213,4)) -> Demo | I72: =I71 -> 9 | J72: =J71 -> 10 | K72: =K71 -> 11 | L72: =L71 -> 12 | M72: =M71 -> 13
A73: =B73+5 -> 35 | B73: =$C$69*10 -> 30 | D73: =if(isblank(I73),"",vlookup(I73,Pacing!$A$1:$Z$213,5)) -> Notes | E73: =if(isblank(J73),"",vlookup(J73,Pacing!$A$1:$Z$213,5)) -> Notes | F73: =if(isblank(K73),"",vlookup(K73,Pacing!$A$1:$Z$213,5)) -> Notes | G73: =if(isblank(L73),"",vlookup(L73,Pacing!$A$1:$Z$213,5)) -> Notes | H73: =if(isblank(M73),"",vlookup(M73,Pacing!$A$1:$Z$213,5)) -> Notes | I73: =I72 -> 9 | J73: =J72 -> 10 | K73: =K72 -> 11 | L73: =L72 -> 12 | M73: =M72 -> 13
A74: =B74+6 -> 36 | B74: =$C$69*10 -> 30 | D74: =if(isblank(I74),"",vlookup(I74,Pacing!$A$1:$Z$213,6)) -> Investigation | E74: =if(isblank(J74),"",vlookup(J74,Pacing!$A$1:$Z$213,6)) -> Investigation | F74: =if(isblank(K74),"",vlookup(K74,Pacing!$A$1:$Z$213,6)) -> Investigation | G74: =if(isblank(L74),"",vlookup(L74,Pacing!$A$1:$Z$213,6)) -> Investigation | H74: =if(isblank(M74),"",vlookup(M74,Pacing!$A$1:$Z$213,6)) -> Investigation | I74: =I73 -> 9 | J74: =J73 -> 10 | K74: =K73 -> 11 | L74: =L73 -> 12 | M74: =M73 -> 13
A75: =B75+7 -> 37 | B75: =$C$69*10 -> 30 | D75: =if(isblank(I75),"",vlookup(I75,Pacing!$A$1:$Z$213,7)) -> Activity | E75: =if(isblank(J75),"",vlookup(J75,Pacing!$A$1:$Z$213,7)) -> Activity | F75: =if(isblank(K75),"",vlookup(K75,Pacing!$A$1:$Z$213,7)) -> Activity | G75: =if(isblank(L75),"",vlookup(L75,Pacing!$A$1:$Z$213,7)) -> Activity | H75: =if(isblank(M75),"",vlookup(M75,Pacing!$A$1:$Z$213,7)) -> Activity | I75: =I74 -> 9 | J75: =J74 -> 10 | K75: =K74 -> 11 | L75: =L74 -> 12 | M75: =M74 -> 13
A76: =B76+8 -> 38 | B76: =$C$69*10 -> 30 | D76: =if(isblank(I76),"",vlookup(I76,Pacing!$A$1:$Z$213,8)) -> Practice Set | E76: =if(isblank(J76),"",vlookup(J76,Pacing!$A$1:$Z$213,8)) -> Practice Set | F76: =if(isblank(K76),"",vlookup(K76,Pacing!$A$1:$Z$213,8)) -> Practice Set | G76: =if(isblank(L76),"",vlookup(L76,Pacing!$A$1:$Z$213,8)) -> Practice Set | H76: =if(isblank(M76),"",vlookup(M76,Pacing!$A$1:$Z$213,8)) -> Practice Set | I76: =I75 -> 9 | J76: =J75 -> 10 | K76: =K75 -> 11 | L76: =L75 -> 12 | M76: =M75 -> 13
D77: =if(isblank(I77),"",vlookup(I77,Pacing!$A$1:$Z$213,9)) -> Extra Practice | E77: =if(isblank(J77),"",vlookup(J77,Pacing!$A$1:$Z$213,9)) -> Extra Practice | F77: =if(isblank(K77),"",vlookup(K77,Pacing!$A$1:$Z$213,9)) -> Extra Practice | G77: =if(isblank(L77),"",vlookup(L77,Pacing!$A$1:$Z$213,9)) -> Extra Practice | H77: =if(isblank(M77),"",vlookup(M77,Pacing!$A$1:$Z$213,9)) -> Extra Practice | I77: =I76 -> 9 | J77: =J76 -> 10 | K77: =K76 -> 11 | L77: =L76 -> 12 | M77: =M76 -> 13
D78: =if(isblank(I78),"",vlookup(I78,Pacing!$A$1:$Z$213,10)) -> CYU | E78: =if(isblank(J78),"",vlookup(J78,Pacing!$A$1:$Z$213,10)) -> CYU | F78: =if(isblank(K78),"",vlookup(K78,Pacing!$A$1:$Z$213,10)) -> CYU | G78: =if(isblank(L78),"",vlookup(L78,Pacing!$A$1:$Z$213,10)) -> CYU | H78: =if(isblank(M78),"",vlookup(M78,Pacing!$A$1:$Z$213,10)) -> CYU | I78: =I77 -> 9 | J78: =J77 -> 10 | K78: =K77 -> 11 | L78: =L77 -> 12 | M78: =M77 -> 13
D79: =if(isblank(I79),"",vlookup(I79,Pacing!$A$1:$Z$213,11)) -> Progress | E79: =if(isblank(J79),"",vlookup(J79,Pacing!$A$1:$Z$213,11)) -> Progress | F79: =if(isblank(K79),"",vlookup(K79,Pacing!$A$1:$Z$213,11)) -> Progress | G79: =if(isblank(L79),"",vlookup(L79,Pacing!$A$1:$Z$213,11)) -> Progress | H79: =if(isblank(M79),"",vlookup(M79,Pacing!$A$1:$Z$213,11)) -> Progress | I79: =I78 -> 9 | J79: =J78 -> 10 | K79: =K78 -> 11 | L79: =L78 -> 12 | M79: =M78 -> 13
D80: =if(isblank(I80),"",vlookup(I80,Pacing!$A$1:$Z$213,12)) -> Review | E80: =if(isblank(J80),"",vlookup(J80,Pacing!$A$1:$Z$213,12)) -> Review | F80: =if(isblank(K80),"",vlookup(K80,Pacing!$A$1:$Z$213,12)) -> Review | G80: =if(isblank(L80),"",vlookup(L80,Pacing!$A$1:$Z$213,12)) -> Review | H80: =if(isblank(M80),"",vlookup(M80,Pacing!$A$1:$Z$213,12)) -> Review | I80: =I79 -> 9 | J80: =J79 -> 10 | K80: =K79 -> 11 | L80: =L79 -> 12 | M80: =M79 -> 13
D81: =if(isblank(I81),"",vlookup(I81,Pacing!$A$1:$Z$213,13)) | E81: =if(isblank(J81),"",vlookup(J81,Pacing!$A$1:$Z$213,13)) | F81: =if(isblank(K81),"",vlookup(K81,Pacing!$A$1:$Z$213,13)) | G81: =if(isblank(L81),"",vlookup(L81,Pacing!$A$1:$Z$213,13)) | H81: =if(isblank(M81),"",vlookup(M81,Pacing!$A$1:$Z$213,13)) | I81: =I80 -> 9 | J81: =J80 -> 10 | K81: =K80 -> 11 | L81: =L80 -> 12 | M81: =M80 -> 13
D82: =if(isblank(I82),"",vlookup(I82,Pacing!$A$1:$Z$213,14)) -> Notes Teacher | E82: =if(isblank(J82),"",vlookup(J82,Pacing!$A$1:$Z$213,14)) -> Notes Teacher | F82: =if(isblank(K82),"",vlookup(K82,Pacing!$A$1:$Z$213,14)) -> Notes Teacher | G82: =if(isblank(L82),"",vlookup(L82,Pacing!$A$1:$Z$213,14)) -> Notes Teacher | H82: =if(isblank(M82),"",vlookup(M82,Pacing!$A$1:$Z$213,14)) -> Notes Teacher | I82: =I81 -> 9 | J82: =J81 -> 10 | K82: =K81 -> 11 | L82: =L81 -> 12 | M82: =M81 -> 13
D83: =if(isblank(I83),"",vlookup(I83,Pacing!$A$1:$Z$213,15)) -> Demo Teacher | E83: =if(isblank(J83),"",vlookup(J83,Pacing!$A$1:$Z$213,15)) -> Demo Teacher | F83: =if(isblank(K83),"",vlookup(K83,Pacing!$A$1:$Z$213,15)) -> Demo Teacher | G83: =if(isblank(L83),"",vlookup(L83,Pacing!$A$1:$Z$213,15)) -> Demo Teacher | H83: =if(isblank(M83),"",vlookup(M83,Pacing!$A$1:$Z$213,15)) -> Demo Teacher | I83: =I82 -> 9 | J83: =J82 -> 10 | K83: =K82 -> 11 | L83: =L82 -> 12 | M83: =M82 -> 13
D84: =if(isblank(I84),"",vlookup(I84,Pacing!$A$1:$Z$213,16)) -> Invest Teacher | E84: =if(isblank(J84),"",vlookup(J84,Pacing!$A$1:$Z$213,16)) -> Invest Teacher | F84: =if(isblank(K84),"",vlookup(K84,Pacing!$A$1:$Z$213,16)) -> Invest Teacher | G84: =if(isblank(L84),"",vlookup(L84,Pacing!$A$1:$Z$213,16)) -> Invest Teacher | H84: =if(isblank(M84),"",vlookup(M84,Pacing!$A$1:$Z$213,16)) -> Invest Teacher | I84: =I83 -> 9 | J84: =J83 -> 10 | K84: =K83 -> 11 | L84: =L83 -> 12 | M84: =M83 -> 13
D85: =if(isblank(I85),"",vlookup(I85,Pacing!$A$1:$Z$213,17)) -> PT Teacher | E85: =if(isblank(J85),"",vlookup(J85,Pacing!$A$1:$Z$213,17)) -> PT Teacher | F85: =if(isblank(K85),"",vlookup(K85,Pacing!$A$1:$Z$213,17)) -> PT Teacher | G85: =if(isblank(L85),"",vlookup(L85,Pacing!$A$1:$Z$213,17)) -> PT Teacher | H85: =if(isblank(M85),"",vlookup(M85,Pacing!$A$1:$Z$213,17)) -> PT Teacher | I85: =I84 -> 9 | J85: =J84 -> 10 | K85: =K84 -> 11 | L85: =L84 -> 12 | M85: =M84 -> 13
D86: =if(isblank(I86),"",vlookup(I86,Pacing!$A$1:$Z$213,18)) -> Assess Plan | E86: =if(isblank(J86),"",vlookup(J86,Pacing!$A$1:$Z$213,18)) -> Assess Plan | F86: =if(isblank(K86),"",vlookup(K86,Pacing!$A$1:$Z$213,18)) -> Assess Plan | G86: =if(isblank(L86),"",vlookup(L86,Pacing!$A$1:$Z$213,18)) -> Assess Plan | H86: =if(isblank(M86),"",vlookup(M86,Pacing!$A$1:$Z$213,18)) -> Assess Plan | I86: =I85 -> 9 | J86: =J85 -> 10 | K86: =K85 -> 11 | L86: =L85 -> 12 | M86: =M85 -> 13
D87: =if(isblank(I87),"",vlookup(I87,Pacing!$A$1:$Z$213,19)) -> Perform Task | E87: =if(isblank(J87),"",vlookup(J87,Pacing!$A$1:$Z$213,19)) -> Perform Task | F87: =if(isblank(K87),"",vlookup(K87,Pacing!$A$1:$Z$213,19)) -> Perform Task | G87: =if(isblank(L87),"",vlookup(L87,Pacing!$A$1:$Z$213,19)) -> Perform Task | H87: =if(isblank(M87),"",vlookup(M87,Pacing!$A$1:$Z$213,19)) -> Perform Task | I87: =I86 -> 9 | J87: =J86 -> 10 | K87: =K86 -> 11 | L87: =L86 -> 12 | M87: =M86 -> 13
D88: =if(isblank(I88),"",vlookup(I88,Pacing!$A$1:$Z$213,20)) -> Quick Check | E88: =if(isblank(J88),"",vlookup(J88,Pacing!$A$1:$Z$213,20)) -> Quick Check | F88: =if(isblank(K88),"",vlookup(K88,Pacing!$A$1:$Z$213,20)) -> Quick Check | G88: =if(isblank(L88),"",vlookup(L88,Pacing!$A$1:$Z$213,20)) -> Quick Check | H88: =if(isblank(M88),"",vlookup(M88,Pacing!$A$1:$Z$213,20)) -> Quick Check | I88: =I87 -> 9 | J88: =J87 -> 10 | K88: =K87 -> 11 | L88: =L87 -> 12 | M88: =M87 -> 13
D89: =if(isblank(I89),"",vlookup(I89,Pacing!$A$1:$Z$213,21)) -> Exit Ticket | E89: =if(isblank(J89),"",vlookup(J89,Pacing!$A$1:$Z$213,21)) -> Exit Ticket | F89: =if(isblank(K89),"",vlookup(K89,Pacing!$A$1:$Z$213,21)) -> Exit Ticket | G89: =if(isblank(L89),"",vlookup(L89,Pacing!$A$1:$Z$213,21)) -> Exit Ticket | H89: =if(isblank(M89),"",vlookup(M89,Pacing!$A$1:$Z$213,21)) -> Exit Ticket | I89: =I88 -> 9 | J89: =J88 -> 10 | K89: =K88 -> 11 | L89: =L88 -> 12 | M89: =M88 -> 13
D90: =if(isblank(I90),"",vlookup(I90,Pacing!$A$1:$Z$213,22)) -> Practice 2 | E90: =if(isblank(J90),"",vlookup(J90,Pacing!$A$1:$Z$213,22)) -> Practice 2 | F90: =if(isblank(K90),"",vlookup(K90,Pacing!$A$1:$Z$213,22)) -> Practice 2 | G90: =if(isblank(L90),"",vlookup(L90,Pacing!$A$1:$Z$213,22)) -> Practice 2 | H90: =if(isblank(M90),"",vlookup(M90,Pacing!$A$1:$Z$213,22)) -> Practice 2 | I90: =I89 -> 9 | J90: =J89 -> 10 | K90: =K89 -> 11 | L90: =L89 -> 12 | M90: =M89 -> 13
D91: =if(isblank(I91),"",vlookup(I91,Pacing!$A$1:$Z$213,23)) -> Practice 3 | E91: =if(isblank(J91),"",vlookup(J91,Pacing!$A$1:$Z$213,23)) -> Practice 3 | F91: =if(isblank(K91),"",vlookup(K91,Pacing!$A$1:$Z$213,23)) -> Practice 3 | G91: =if(isblank(L91),"",vlookup(L91,Pacing!$A$1:$Z$213,23)) -> Practice 3 | H91: =if(isblank(M91),"",vlookup(M91,Pacing!$A$1:$Z$213,23)) -> Practice 3 | I91: =I90 -> 9 | J91: =J90 -> 10 | K91: =K90 -> 11 | L91: =L90 -> 12 | M91: =M90 -> 13
D92: =if(isblank(I92),"",vlookup(I92,Pacing!$A$1:$Z$213,24)) -> Sum Assess | E92: =if(isblank(J92),"",vlookup(J92,Pacing!$A$1:$Z$213,24)) -> Sum Assess | F92: =if(isblank(K92),"",vlookup(K92,Pacing!$A$1:$Z$213,24)) -> Sum Assess | G92: =if(isblank(L92),"",vlookup(L92,Pacing!$A$1:$Z$213,24)) -> Sum Assess | H92: =if(isblank(M92),"",vlookup(M92,Pacing!$A$1:$Z$213,24)) -> Sum Assess | I92: =I91 -> 9 | J92: =J91 -> 10 | K92: =K91 -> 11 | L92: =L91 -> 12 | M92: =M91 -> 13
D93: =if(isblank(I93),"",vlookup(I93,Pacing!$A$1:$Z$213,25)) -> Bank | E93: =if(isblank(J93),"",vlookup(J93,Pacing!$A$1:$Z$213,25)) -> Bank | F93: =if(isblank(K93),"",vlookup(K93,Pacing!$A$1:$Z$213,25)) -> Bank | G93: =if(isblank(L93),"",vlookup(L93,Pacing!$A$1:$Z$213,25)) -> Bank | H93: =if(isblank(M93),"",vlookup(M93,Pacing!$A$1:$Z$213,25)) -> Bank | I93: =I92 -> 9 | J93: =J92 -> 10 | K93: =K92 -> 11 | L93: =L92 -> 12 | M93: =M92 -> 13
D94: =if(isblank(I94),"",vlookup(I94,Pacing!$A$1:$Z$213,26)) | E94: =if(isblank(J94),"",vlookup(J94,Pacing!$A$1:$Z$213,26)) | F94: =if(isblank(K94),"",vlookup(K94,Pacing!$A$1:$Z$213,26)) | G94: =if(isblank(L94),"",vlookup(L94,Pacing!$A$1:$Z$213,26)) | H94: =if(isblank(M94),"",vlookup(M94,Pacing!$A$1:$Z$213,26)) | I94: =I93 -> 9 | J94: =J93 -> 10 | K94: =K93 -> 11 | L94: =L93 -> 12 | M94: =M93 -> 13
E95: =H68+1 -> 14 | F95: =E95+1 -> 15 | G95: =F95+1 -> 16 | H95: =G95+1 -> 17 | I95: =D95 | J95: =E95 -> 14 | K95: =F95 -> 15 | L95: =G95 -> 16 | M95: =H95 -> 17
A96: =B96+1 -> 41 | B96: =$C$96*10 -> 40 | C96: =C69+1 -> 4 | D96: =D69+7 -> 46286 | E96: =D96+1 -> 46287 | F96: =E96+1 -> 46288 | G96: =F96+1 -> 46289 | H96: =G96+1 -> 46290 | I96: Change number above
A97: =B97+2 -> 42 | B97: =$C$96*10 -> 40 | D97: =if(isblank(I97),"",vlookup(I97,Pacing!$A$1:$Z$213,2)) | E97: =if(isblank(J97),"",vlookup(J97,Pacing!$A$1:$Z$213,2)) -> 1.4: Equilibrium | F97: =if(isblank(K97),"",vlookup(K97,Pacing!$A$1:$Z$213,2)) -> 1.4: Equilibrium | G97: =if(isblank(L97),"",vlookup(L97,Pacing!$A$1:$Z$213,2)) -> 1.4: Equilibrium | H97: =if(isblank(M97),"",vlookup(M97,Pacing!$A$1:$Z$213,2)) -> 1.5: Force Models | I97: =I95 | J97: =J95 -> 14 | K97: =K95 -> 15 | L97: =L95 -> 16 | M97: =M95 -> 17
A98: =B98+3 -> 43 | B98: =$C$96*10 -> 40 | D98: PD | E98: =if(isblank(J98),"",vlookup(J98,Pacing!$A$1:$Z$213,3)) -> Warm Up | F98: =if(isblank(K98),"",vlookup(K98,Pacing!$A$1:$Z$213,3)) -> Warm Up | G98: =if(isblank(L98),"",vlookup(L98,Pacing!$A$1:$Z$213,3)) -> Warm Up | H98: =if(isblank(M98),"",vlookup(M98,Pacing!$A$1:$Z$213,3)) -> Warm Up | I98: =I97 | J98: =J97 -> 14 | K98: =K97 -> 15 | L98: =L97 -> 16 | M98: =M97 -> 17
A99: =B99+4 -> 44 | B99: =$C$96*10 -> 40 | D99: =if(isblank(I99),"",vlookup(I99,Pacing!$A$1:$Z$213,4)) | E99: =if(isblank(J99),"",vlookup(J99,Pacing!$A$1:$Z$213,4)) -> Demo | F99: =if(isblank(K99),"",vlookup(K99,Pacing!$A$1:$Z$213,4)) -> Demo | G99: =if(isblank(L99),"",vlookup(L99,Pacing!$A$1:$Z$213,4)) -> Demo | H99: =if(isblank(M99),"",vlookup(M99,Pacing!$A$1:$Z$213,4)) -> Demo | I99: =I98 | J99: =J98 -> 14 | K99: =K98 -> 15 | L99: =L98 -> 16 | M99: =M98 -> 17
A100: =B100+5 -> 45 | B100: =$C$96*10 -> 40 | D100: =if(isblank(I100),"",vlookup(I100,Pacing!$A$1:$Z$213,5)) | E100: =if(isblank(J100),"",vlookup(J100,Pacing!$A$1:$Z$213,5)) -> Notes | F100: =if(isblank(K100),"",vlookup(K100,Pacing!$A$1:$Z$213,5)) -> Notes | G100: =if(isblank(L100),"",vlookup(L100,Pacing!$A$1:$Z$213,5)) -> Notes | H100: =if(isblank(M100),"",vlookup(M100,Pacing!$A$1:$Z$213,5)) -> Notes | I100: =I99 | J100: =J99 -> 14 | K100: =K99 -> 15 | L100: =L99 -> 16 | M100: =M99 -> 17
...

Sheet Pacing
A1: 1 | B1: 0.1 Get Acquainted | C1: Warm Up | D1: Notes | E1: Practice Set | N1: Notes Teacher | O1: Exit Ticket | P1: Give Exit Ticket | Q1: PT Teacher | R1: Assess Plan | S1: Perform Task | T1: Quick Check | U1: Exit Ticket | V1: Practice 2 | W1: Practice 3
A2: 2 | B2: 0.1 Get Acquainted | C2: Warm Up | D2: Investigation | E2: Practice Set | F2: Extra Practice | N2: Invest Teacher | O2: Exit Ticket | P2: all 3 days. | Q2: PT Teacher | R2: Assess Plan | S2: Perform Task | T2: Quick Check | U2: Exit Ticket | V2: Practice 2 | W2: Practice 3
A3: 3 | B3: 0.1 Get Acquainted | C3: Warm Up | D3: Investigation | E3: Activity | F3: Practice Set | G3: Extra Practice | N3: Invest Teacher | O3: Exit Ticket | Q3: PT Teacher | R3: Assess Plan | S3: Perform Task | T3: Quick Check | U3: Exit Ticket | V3: Practice 2 | W3: Practice 3
A4: 4 | B4: House Keeping | C4: Warm Up | D4: Activity | E4: Return Portfolio | F4: Overview | G4: Survey
A5: 5 | B5: 1.1: Think Physics | C5: Warm Up | D5: Demo | E5: Notes | F5: Investigation | G5: Activity | H5: Practice Set | I5: Extra Practice | J5: CYU | K5: Progress | L5: Review | N5: Notes Teacher | O5: Demo Teacher | P5: Invest Teacher | Q5: PT Teacher | R5: Assess Plan | S5: Perform Task | T5: Quick Check | U5: Exit Ticket | V5: Practice 2 | W5: Practice 3 | X5: Sum Assess | Y5: Bank
A6: 6 | B6: 1.1: Think Physics | C6: Warm Up | D6: Demo | E6: Notes | F6: Investigation | G6: Activity | H6: Practice Set | I6: Extra Practice | J6: CYU | K6: Progress | L6: Review | N6: Notes Teacher | O6: Demo Teacher | P6: Invest Teacher | Q6: PT Teacher | R6: Assess Plan | S6: Perform Task | T6: Quick Check | U6: Exit Ticket | V6: Practice 2 | W6: Practice 3 | X6: Sum Assess | Y6: Bank
A7: 7 | B7: 1.1: Think Physics | C7: Warm Up | D7: Demo | E7: Notes | F7: Investigation | G7: Activity | H7: Practice Set | I7: Extra Practice | J7: CYU | K7: Progress | L7: Review | N7: Notes Teacher | O7: Demo Teacher | P7: Invest Teacher | Q7: PT Teacher | R7: Assess Plan | S7: Perform Task | T7: Quick Check | U7: Exit Ticket | V7: Practice 2 | W7: Practice 3 | X7: Sum Assess | Y7: Bank
A8: 8 | B8: 1.2: Forces & N1L | C8: Warm Up | D8: Demo | E8: Notes | F8: Investigation | G8: Activity | H8: Practice Set | I8: Extra Practice | J8: CYU | K8: Progress | L8: Review | N8: Notes Teacher | O8: Demo Teacher | P8: Invest Teacher | Q8: PT Teacher | R8: Assess Plan | S8: Perform Task | T8: Quick Check | U8: Exit Ticket | V8: Practice 2 | W8: Practice 3 | X8: Sum Assess | Y8: Bank
A9: 9 | B9: 1.2: Forces & N1L | C9: Warm Up | D9: Demo | E9: Notes | F9: Investigation | G9: Activity | H9: Practice Set | I9: Extra Practice | J9: CYU | K9: Progress | L9: Review | N9: Notes Teacher | O9: Demo Teacher | P9: Invest Teacher | Q9: PT Teacher | R9: Assess Plan | S9: Perform Task | T9: Quick Check | U9: Exit Ticket | V9: Practice 2 | W9: Practice 3 | X9: Sum Assess | Y9: Bank
A10: 10 | B10: 1.2: Forces & N1L | C10: Warm Up | D10: Demo | E10: Notes | F10: Investigation | G10: Activity | H10: Practice Set | I10: Extra Practice | J10: CYU | K10: Progress | L10: Review | N10: Notes Teacher | O10: Demo Teacher | P10: Invest Teacher | Q10: PT Teacher | R10: Assess Plan | S10: Perform Task | T10: Quick Check | U10: Exit Ticket | V10: Practice 2 | W10: Practice 3 | X10: Sum Assess | Y10: Bank
A11: 11 | B11: 1.3: Net Force & Vec | C11: Warm Up | D11: Demo | E11: Notes | F11: Investigation | G11: Activity | H11: Practice Set | I11: Extra Practice | J11: CYU | K11: Progress | L11: Review | N11: Notes Teacher | O11: Demo Teacher | P11: Invest Teacher | Q11: PT Teacher | R11: Assess Plan | S11: Perform Task | T11: Quick Check | U11: Exit Ticket | V11: Practice 2 | W11: Practice 3 | X11: Sum Assess | Y11: Bank
A12: 12 | B12: 1.3: Net Force & Vec | C12: Warm Up | D12: Demo | E12: Notes | F12: Investigation | G12: Activity | H12: Practice Set | I12: Extra Practice | J12: CYU | K12: Progress | L12: Review | N12: Notes Teacher | O12: Demo Teacher | P12: Invest Teacher | Q12: PT Teacher | R12: Assess Plan | S12: Perform Task | T12: Quick Check | U12: Exit Ticket | V12: Practice 2 | W12: Practice 3 | X12: Sum Assess | Y12: Bank
A13: 13 | B13: 1.3: Net Force & Vec | C13: Warm Up | D13: Demo | E13: Notes | F13: Investigation | G13: Activity | H13: Practice Set | I13: Extra Practice | J13: CYU | K13: Progress | L13: Review | N13: Notes Teacher | O13: Demo Teacher | P13: Invest Teacher | Q13: PT Teacher | R13: Assess Plan | S13: Perform Task | T13: Quick Check | U13: Exit Ticket | V13: Practice 2 | W13: Practice 3 | X13: Sum Assess | Y13: Bank
A14: 14 | B14: 1.4: Equilibrium | C14: Warm Up | D14: Demo | E14: Notes | F14: Investigation | G14: Activity | H14: Practice Set | I14: Extra Practice | J14: CYU | K14: Progress | L14: Review | N14: Notes Teacher | O14: Demo Teacher | P14: Invest Teacher | Q14: PT Teacher | R14: Assess Plan | S14: Perform Task | T14: Quick Check | U14: Exit Ticket | V14: Practice 2 | W14: Practice 3 | X14: Sum Assess | Y14: Bank
A15: 15 | B15: 1.4: Equilibrium | C15: Warm Up | D15: Demo | E15: Notes | F15: Investigation | G15: Activity | H15: Practice Set | I15: Extra Practice | J15: CYU | K15: Progress | L15: Review | N15: Notes Teacher | O15: Demo Teacher | P15: Invest Teacher | Q15: PT Teacher | R15: Assess Plan | S15: Perform Task | T15: Quick Check | U15: Exit Ticket | V15: Practice 2 | W15: Practice 3 | X15: Sum Assess | Y15: Bank
A16: 16 | B16: 1.4: Equilibrium | C16: Warm Up | D16: Demo | E16: Notes | F16: Investigation | G16: Activity | H16: Practice Set | I16: Extra Practice | J16: CYU | K16: Progress | L16: Review | N16: Notes Teacher | O16: Demo Teacher | P16: Invest Teacher | Q16: PT Teacher | R16: Assess Plan | S16: Perform Task | T16: Quick Check | U16: Exit Ticket | V16: Practice 2 | W16: Practice 3 | X16: Sum Assess | Y16: Bank
... A19: 19 | B19: 1.5: Force Models | C19: Warm Up | D19: Demo | E19: Notes | F19: Investigation | G19: Activity | H19: Practice Set | I19: Extra Practice | J19: CYU | K19: Progress | L19: Review | N19: Notes Teacher | O19: Demo Teacher | P19: Invest Teacher | Q19: PT Teacher | R19: Assess Plan | S19: Perform Task | T19: Quick Check | U19: Exit Ticket | V19: Practice 2 | W19: Practice 3 | X19: Sum Assess | Y19: Bank
A20: 20 | B20: Unit 1 Sum Assess | N20: Sum Assess | O20: Bank | P20: Assess Plan
A21: 21 | B21: 2.1: Motion & Ref | C21: Warm Up | D21: Demo | E21: Notes | F21: Investigation | G21: Activity | H21: Practice Set | I21: Extra Practice | J21: CYU | K21: Progress | L21: Review | N21: Notes Teacher | O21: Demo Teacher | P21: Invest Teacher | Q21: PT Teacher | R21: Assess Plan | S21: Perform Task | T21: Quick Check | U21: Exit Ticket | V21: Practice 2 | W21: Practice 3 | X21: Sum Assess | Y21: Bank
A22: 22 | B22: 2.1: Motion & Ref | C22: Warm Up | D22: Demo | E22: Notes | F22: Investigation | G22: Activity | H22: Practice Set | I22: Extra Practice | J22: CYU | K22: Progress | L22: Review | N22: Notes Teacher | O22: Demo Teacher | P22: Invest Teacher | Q22: PT Teacher | R22: Assess Plan | S22: Perform Task | T22: Quick Check | U22: Exit Ticket | V22: Practice 2 | W22: Practice 3 | X22: Sum Assess | Y22: Bank
A23: 23 | B23: 2.1: Motion & Ref | C23: Warm Up | D23: Demo | E23: Notes | F23: Investigation | G23: Activity | H23: Practice Set | I23: Extra Practice | J23: CYU | K23: Progress | L23: Review | N23: Notes Teacher | O23: Demo Teacher | P23: Invest Teacher | Q23: PT Teacher | R23: Assess Plan | S23: Perform Task | T23: Quick Check | U23: Exit Ticket | V23: Practice 2 | W23: Practice 3 | X23: Sum Assess | Y23: Bank
A24: 24 | B24: 2.2: Speed & Vel | C24: Warm Up | D24: Demo | E24: Notes | F24: Investigation | G24: Activity | H24: Practice Set | I24: Extra Practice | J24: CYU | K24: Progress | L24: Review | N24: Notes Teacher | O24: Demo Teacher | P24: Invest Teacher | Q24: PT Teacher | R24: Assess Plan | S24: Perform Task | T24: Quick Check | U24: Exit Ticket | V24: Practice 2 | W24: Practice 3 | X24: Sum Assess | Y24: Bank
A25: 25 | B25: 2.2: Speed & Vel | C25: Warm Up | D25: Demo | E25: Notes | F25: Investigation | G25: Activity | H25: Practice Set | I25: Extra Practice | J25: CYU | K25: Progress | L25: Review | N25: Notes Teacher | O25: Demo Teacher | P25: Invest Teacher | Q25: PT Teacher | R25: Assess Plan | S25: Perform Task | T25: Quick Check | U25: Exit Ticket | V25: Practice 2 | W25: Practice 3 | X25: Sum Assess | Y25: Bank
A26: 26 | B26: 2.2: Speed & Vel | C26: Warm Up | D26: Demo | E26: Notes | F26: Investigation | G26: Activity | H26: Practice Set | I26: Extra Practice | J26: CYU | K26: Progress | L26: Review | N26: Notes Teacher | O26: Demo Teacher | P26: Invest Teacher | Q26: PT Teacher | R26: Assess Plan | S26: Perform Task | T26: Quick Check | U26: Exit Ticket | V26: Practice 2 | W26: Practice 3 | X26: Sum Assess | Y26: Bank
A27: 27 | B27: 2.3: Acceleration | C27: Warm Up | D27: Demo | E27: Notes | F27: Investigation | G27: Activity | H27: Practice Set | I27: Extra Practice | J27: CYU | K27: Progress | L27: Review | N27: Notes Teacher | O27: Demo Teacher | P27: Invest Teacher | Q27: PT Teacher | R27: Assess Plan | S27: Perform Task | T27: Quick Check | U27: Exit Ticket | V27: Practice 2 | W27: Practice 3 | X27: Sum Assess | Y27: Bank
A28: 28 | B28: 2.3: Acceleration | C28: Warm Up | D28: Demo | E28: Notes | F28: Investigation | G28: Activity | H28: Practice Set | I28: Extra Practice | J28: CYU | K28: Progress | L28: Review | N28: Notes Teacher | O28: Demo Teacher | P28: Invest Teacher | Q28: PT Teacher | R28: Assess Plan | S28: Perform Task | T28: Quick Check | U28: Exit Ticket | V28: Practice 2 | W28: Practice 3 | X28: Sum Assess | Y28: Bank
A29: 29 | B29: 2.3: Acceleration | C29: Warm Up | D29: Demo | E29: Notes | F29: Investigation | G29: Activity | H29: Practice Set | I29: Extra Practice | J29: CYU | K29: Progress | L29: Review | N29: Notes Teacher | O29: Demo Teacher | P29: Invest Teacher | Q29: PT Teacher | R29: Assess Plan | S29: Perform Task | T29: Quick Check | U29: Exit Ticket | V29: Practice 2 | W29: Practice 3 | X29: Sum Assess | Y29: Bank
A30: 30 | B30: 2.4: Free Fall | C30: Warm Up | D30: Demo | E30: Notes | F30: Investigation | G30: Activity | H30: Practice Set | I30: Extra Practice | J30: CYU | K30: Progress | L30: Review | N30: Notes Teacher | O30: Demo Teacher | P30: Invest Teacher | Q30: PT Teacher | R30: Assess Plan | S30: Perform Task | T30: Quick Check | U30: Exit Ticket | V30: Practice 2 | W30: Practice 3 | X30: Sum Assess | Y30: Bank
A31: 31 | B31: 2.4: Free Fall | C31: Warm Up | D31: Demo | E31: Notes | F31: Investigation | G31: Activity | H31: Practice Set | I31: Extra Practice | J31: CYU | K31: Progress | L31: Review | N31: Notes Teacher | O31: Demo Teacher | P31: Invest Teacher | Q31: PT Teacher | R31: Assess Plan | S31: Perform Task | T31: Quick Check | U31: Exit Ticket | V31: Practice 2 | W31: Practice 3 | X31: Sum Assess | Y31: Bank
A32: 32 | B32: 2.4: Free Fall | C32: Warm Up | D32: Demo | E32: Notes | F32: Investigation | G32: Activity | H32: Practice Set | I32: Extra Practice | J32: CYU | K32: Progress | L32: Review | N32: Notes Teacher | O32: Demo Teacher | P32: Invest Teacher | Q32: PT Teacher | R32: Assess Plan | S32: Perform Task | T32: Quick Check | U32: Exit Ticket | V32: Practice 2 | W32: Practice 3 | X32: Sum Assess | Y32: Bank
... A35: 35 | B35: 2.5: Vel Vectors | C35: Warm Up | D35: Demo | E35: Notes | F35: Investigation | G35: Activity | H35: Practice Set | I35: Extra Practice | J35: CYU | K35: Progress | L35: Review | N35: Notes Teacher | O35: Demo Teacher | P35: Invest Teacher | Q35: PT Teacher | R35: Assess Plan | S35: Perform Task | T35: Quick Check | U35: Exit Ticket | V35: Practice 2 | W35: Practice 3 | X35: Sum Assess | Y35: Bank
A36: 36 | B36: Unit 2 Sum Ass | N36: Sum Assess | O36: Bank | P36: Assess Plan
A37: 37 | B37: 3.1: Force & Accel | C37: Warm Up | D37: Demo | E37: Notes | F37: Investigation | G37: Activity | H37: Practice Set | I37: Extra Practice | J37: CYU | K37: Progress | L37: Review | N37: Notes Teacher | O37: Demo Teacher | P37: Invest Teacher | Q37: PT Teacher | R37: Assess Plan | S37: Perform Task | T37: Quick Check | U37: Exit Ticket | V37: Practice 2 | W37: Practice 3 | X37: Sum Assess | Y37: Bank
A38: 38 | B38: 3.1: Force & Accel | C38: Warm Up | D38: Demo | E38: Notes | F38: Investigation | G38: Activity | H38: Practice Set | I38: Extra Practice | J38: CYU | K38: Progress | L38: Review | N38: Notes Teacher | O38: Demo Teacher | P38: Invest Teacher | Q38: PT Teacher | R38: Assess Plan | S38: Perform Task | T38: Quick Check | U38: Exit Ticket | V38: Practice 2 | W38: Practice 3 | X38: Sum Assess | Y38: Bank
A39: 39 | B39: 3.1: Force & Accel | C39: Warm Up | D39: Demo | E39: Notes | F39: Investigation | G39: Activity | H39: Practice Set | I39: Extra Practice | J39: CYU | K39: Progress | L39: Review | N39: Notes Teacher | O39: Demo Teacher | P39: Invest Teacher | Q39: PT Teacher | R39: Assess Plan | S39: Perform Task | T39: Quick Check | U39: Exit Ticket | V39: Practice 2 | W39: Practice 3 | X39: Sum Assess | Y39: Bank
A40: 40 | B40: 3.2: Friction | C40: Warm Up | D40: Demo | E40: Notes | F40: Investigation | G40: Activity | H40: Practice Set | I40: Extra Practice | J40: CYU | K40: Progress | L40: Review | N40: Notes Teacher | O40: Demo Teacher | P40: Invest Teacher | Q40: PT Teacher | R40: Assess Plan | S40: Perform Task | T40: Quick Check | U40: Exit Ticket | V40: Practice 2 | W40: Practice 3 | X40: Sum Assess | Y40: Bank
A41: 41 | B41: 3.2: Friction | C41: Warm Up | D41: Demo | E41: Notes | F41: Investigation | G41: Activity | H41: Practice Set | I41: Extra Practice | J41: CYU | K41: Progress | L41: Review | N41: Notes Teacher | O41: Demo Teacher | P41: Invest Teacher | Q41: PT Teacher | R41: Assess Plan | S41: Perform Task | T41: Quick Check | U41: Exit Ticket | V41: Practice 2 | W41: Practice 3 | X41: Sum Assess | Y41: Bank
A42: 42 | B42: 3.2: Friction | C42: Warm Up | D42: Demo | E42: Notes | F42: Investigation | G42: Activity | H42: Practice Set | I42: Extra Practice | J42: CYU | K42: Progress | L42: Review | N42: Notes Teacher | O42: Demo Teacher | P42: Invest Teacher | Q42: PT Teacher | R42: Assess Plan | S42: Perform Task | T42: Quick Check | U42: Exit Ticket | V42: Practice 2 | W42: Practice 3 | X42: Sum Assess | Y42: Bank
A43: 43 | B43: 3.3: Fall & Drag | C43: Warm Up | D43: Demo | E43: Notes | F43: Investigation | G43: Activity | H43: Practice Set | I43: Extra Practice | J43: CYU | K43: Progress | L43: Review | N43: Notes Teacher | O43: Demo Teacher | P43: Invest Teacher | Q43: PT Teacher | R43: Assess Plan | S43: Perform Task | T43: Quick Check | U43: Exit Ticket | V43: Practice 2 | W43: Practice 3 | X43: Sum Assess | Y43: Bank
A44: 44 | B44: 3.3: Fall & Drag | C44: Warm Up | D44: Demo | E44: Notes | F44: Investigation | G44: Activity | H44: Practice Set | I44: Extra Practice | J44: CYU | K44: Progress | L44: Review | N44: Notes Teacher | O44: Demo Teacher | P44: Invest Teacher | Q44: PT Teacher | R44: Assess Plan | S44: Perform Task | T44: Quick Check | U44: Exit Ticket | V44: Practice 2 | W44: Practice 3 | X44: Sum Assess | Y44: Bank
A45: 45 | B45: 3.3: Fall & Drag | C45: Warm Up | D45: Demo | E45: Notes | F45: Investigation | G45: Activity | H45: Practice Set | I45: Extra Practice | J45: CYU | K45: Progress | L45: Review | N45: Notes Teacher | O45: Demo Teacher | P45: Invest Teacher | Q45: PT Teacher | R45: Assess Plan | S45: Perform Task | T45: Quick Check | U45: Exit Ticket | V45: Practice 2 | W45: Practice 3 | X45: Sum Assess | Y45: Bank
A46: 46 | B46: 3.4: Newton's 3rd | C46: Warm Up | D46: Demo | E46: Notes | F46: Investigation | G46: Activity | H46: Practice Set | I46: Extra Practice | J46: CYU | K46: Progress | L46: Review | N46: Notes Teacher | O46: Demo Teacher | P46: Invest Teacher | Q46: PT Teacher | R46: Assess Plan | S46: Perform Task | T46: Quick Check | U46: Exit Ticket | V46: Practice 2 | W46: Practice 3 | X46: Sum Assess | Y46: Bank
A47: 47 | B47: 3.4: Newton's 3rd | C47: Warm Up | D47: Demo | E47: Notes | F47: Investigation | G47: Activity | H47: Practice Set | I47: Extra Practice | J47: CYU | K47: Progress | L47: Review | N47: Notes Teacher | O47: Demo Teacher | P47: Invest Teacher | Q47: PT Teacher | R47: Assess Plan | S47: Perform Task | T47: Quick Check | U47: Exit Ticket | V47: Practice 2 | W47: Practice 3 | X47: Sum Assess | Y47: Bank
A48: 48 | B48: 3.4: Newton's 3rd | C48: Warm Up | D48: Demo | E48: Notes | F48: Investigation | G48: Activity | H48: Practice Set | I48: Extra Practice | J48: CYU | K48: Progress | L48: Review | N48: Notes Teacher | O48: Demo Teacher | P48: Invest Teacher | Q48: PT Teacher | R48: Assess Plan | S48: Perform Task | T48: Quick Check | U48: Exit Ticket | V48: Practice 2 | W48: Practice 3 | X48: Sum Assess | Y48: Bank
... A51: 51 | B51: 3.5: Projectile | C51: Warm Up | D51: Demo | E51: Notes | F51: Investigation | G51: Activity | H51: Practice Set | I51: Extra Practice | J51: CYU | K51: Progress | L51: Review | N51: Notes Teacher | O51: Demo Teacher | P51: Invest Teacher | Q51: PT Teacher | R51: Assess Plan | S51: Perform Task | T51: Quick Check | U51: Exit Ticket | V51: Practice 2 | W51: Practice 3 | X51: Sum Assess | Y51: Bank
A52: 52 | B52: Unit 3 Sum Assess | N52: Sum Assess | O52: Bank | P52: Assess Plan
A53: 53 | B53: 4.1: Mom & Impulse | C53: Warm Up | D53: Demo | E53: Notes | F53: Investigation | G53: Activity | H53: Practice Set | I53: Extra Practice | J53: CYU | K53: Progress | L53: Review | N53: Notes Teacher | O53: Demo Teacher | P53: Invest Teacher | Q53: PT Teacher | R53: Assess Plan | S53: Perform Task | T53: Quick Check | U53: Exit Ticket | V53: Practice 2 | W53: Practice 3 | X53: Sum Assess | Y53: Bank
A54: 54 | B54: 4.1: Mom & Impulse | C54: Warm Up | D54: Demo | E54: Notes | F54: Investigation | G54: Activity | H54: Practice Set | I54: Extra Practice | J54: CYU | K54: Progress | L54: Review | N54: Notes Teacher | O54: Demo Teacher | P54: Invest Teacher | Q54: PT Teacher | R54: Assess Plan | S54: Perform Task | T54: Quick Check | U54: Exit Ticket | V54: Practice 2 | W54: Practice 3 | X54: Sum Assess | Y54: Bank
A55: 55 | B55: 4.1: Mom & Impulse | C55: Warm Up | D55: Demo | E55: Notes | F55: Investigation | G55: Activity | H55: Practice Set | I55: Extra Practice | J55: CYU | K55: Progress | L55: Review | N55: Notes Teacher | O55: Demo Teacher | P55: Invest Teacher | Q55: PT Teacher | R55: Assess Plan | S55: Perform Task | T55: Quick Check | U55: Exit Ticket | V55: Practice 2 | W55: Practice 3 | X55: Sum Assess | Y55: Bank
A56: 56 | B56: 4.2: Conserve Mom | C56: Warm Up | D56: Demo | E56: Notes | F56: Investigation | G56: Activity | H56: Practice Set | I56: Extra Practice | J56: CYU | K56: Progress | L56: Review | N56: Notes Teacher | O56: Demo Teacher | P56: Invest Teacher | Q56: PT Teacher | R56: Assess Plan | S56: Perform Task | T56: Quick Check | U56: Exit Ticket | V56: Practice 2 | W56: Practice 3 | X56: Sum Assess | Y56: Bank
A57: 57 | B57: 4.2: Conserve Mom | C57: Warm Up | D57: Demo | E57: Notes | F57: Investigation | G57: Activity | H57: Practice Set | I57: Extra Practice | J57: CYU | K57: Progress | L57: Review | N57: Notes Teacher | O57: Demo Teacher | P57: Invest Teacher | Q57: PT Teacher | R57: Assess Plan | S57: Perform Task | T57: Quick Check | U57: Exit Ticket | V57: Practice 2 | W57: Practice 3 | X57: Sum Assess | Y57: Bank
A58: 58 | B58: 4.2: Conserve Mom | C58: Warm Up | D58: Demo | E58: Notes | F58: Investigation | G58: Activity | H58: Practice Set | I58: Extra Practice | J58: CYU | K58: Progress | L58: Review | N58: Notes Teacher | O58: Demo Teacher | P58: Invest Teacher | Q58: PT Teacher | R58: Assess Plan | S58: Perform Task | T58: Quick Check | U58: Exit Ticket | V58: Practice 2 | W58: Practice 3 | X58: Sum Assess | Y58: Bank
A59: 59 | B59: 4.3: Work & Energy | C59: Warm Up | D59: Demo | E59: Notes | F59: Investigation | G59: Activity | H59: Practice Set | I59: Extra Practice | J59: CYU | K59: Progress | L59: Review | N59: Notes Teacher | O59: Demo Teacher | P59: Invest Teacher | Q59: PT Teacher | R59: Assess Plan | S59: Perform Task | T59: Quick Check | U59: Exit Ticket | V59: Practice 2 | W59: Practice 3 | X59: Sum Assess | Y59: Bank
A60: 60 | B60: 4.3: Work & Energy | C60: Warm Up | D60: Demo | E60: Notes | F60: Investigation | G60: Activity | H60: Practice Set | I60: Extra Practice | J60: CYU | K60: Progress | L60: Review | N60: Notes Teacher | O60: Demo Teacher | P60: Invest Teacher | Q60: PT Teacher | R60: Assess Plan | S60: Perform Task | T60: Quick Check | U60: Exit Ticket | V60: Practice 2 | W60: Practice 3 | X60: Sum Assess | Y60: Bank
A61: 61 | B61: 4.3: Work & Energy | C61: Warm Up | D61: Demo | E61: Notes | F61: Investigation | G61: Activity | H61: Practice Set | I61: Extra Practice | J61: CYU | K61: Progress | L61: Review | N61: Notes Teacher | O61: Demo Teacher | P61: Invest Teacher | Q61: PT Teacher | R61: Assess Plan | S61: Perform Task | T61: Quick Check | U61: Exit Ticket | V61: Practice 2 | W61: Practice 3 | X61: Sum Assess | Y61: Bank
A62: 62 | B62: 4.4: Conserve Energy | C62: Warm Up | D62: Demo | E62: Notes | F62: Investigation | G62: Activity | H62: Practice Set | I62: Extra Practice | J62: CYU | K62: Progress | L62: Review | N62: Notes Teacher | O62: Demo Teacher | P62: Invest Teacher | Q62: PT Teacher | R62: Assess Plan | S62: Perform Task | T62: Quick Check | U62: Exit Ticket | V62: Practice 2 | W62: Practice 3 | X62: Sum Assess | Y62: Bank
A63: 63 | B63: 4.4: Conserve Energy | C63: Warm Up | D63: Demo | E63: Notes | F63: Investigation | G63: Activity | H63: Practice Set | I63: Extra Practice | J63: CYU | K63: Progress | L63: Review | N63: Notes Teacher | O63: Demo Teacher | P63: Invest Teacher | Q63: PT Teacher | R63: Assess Plan | S63: Perform Task | T63: Quick Check | U63: Exit Ticket | V63: Practice 2 | W63: Practice 3 | X63: Sum Assess | Y63: Bank
A64: 64 | B64: 4.4: Conserve Energy | C64: Warm Up | D64: Demo | E64: Notes | F64: Investigation | G64: Activity | H64: Practice Set | I64: Extra Practice | J64: CYU | K64: Progress | L64: Review | N64: Notes Teacher | O64: Demo Teacher | P64: Invest Teacher | Q64: PT Teacher | R64: Assess Plan | S64: Perform Task | T64: Quick Check | U64: Exit Ticket | V64: Practice 2 | W64: Practice 3 | X64: Sum Assess | Y64: Bank
... A67: 67 | B67: 4.5: Energy & Society | C67: Warm Up | D67: Demo | E67: Notes | F67: Investigation | G67: Activity | H67: Practice Set | I67: Extra Practice | J67: CYU | K67: Progress | L67: Review | N67: Notes Teacher | O67: Demo Teacher | P67: Invest Teacher | Q67: PT Teacher | R67: Assess Plan | S67: Perform Task | T67: Quick Check | U67: Exit Ticket | V67: Practice 2 | W67: Practice 3 | X67: Sum Assess | Y67: Bank
A68: 68 | B68: Unit 4 Sum Assess | N68: Sum Assess | O68: Bank | P68: Assess Plan
A69: 69 | B69: 5.1: Waves & Vibr | C69: Warm Up | D69: Demo | E69: Notes | F69: Investigation | G69: Activity | H69: Practice Set | I69: Extra Practice | J69: CYU | K69: Progress | L69: Review | N69: Notes Teacher | O69: Demo Teacher | P69: Invest Teacher | Q69: PT Teacher | R69: Assess Plan | S69: Perform Task | T69: Quick Check | U69: Exit Ticket | V69: Practice 2 | W69: Practice 3 | X69: Sum Assess | Y69: Bank
A70: 70 | B70: 5.1: Waves & Vibr | C70: Warm Up | D70: Demo | E70: Notes | F70: Investigation | G70: Activity | H70: Practice Set | I70: Extra Practice | J70: CYU | K70: Progress | L70: Review | N70: Notes Teacher | O70: Demo Teacher | P70: Invest Teacher | Q70: PT Teacher | R70: Assess Plan | S70: Perform Task | T70: Quick Check | U70: Exit Ticket | V70: Practice 2 | W70: Practice 3 | X70: Sum Assess | Y70: Bank
A71: 71 | B71: 5.1: Waves & Vibr | C71: Warm Up | D71: Demo | E71: Notes | F71: Investigation | G71: Activity | H71: Practice Set | I71: Extra Practice | J71: CYU | K71: Progress | L71: Review | N71: Notes Teacher | O71: Demo Teacher | P71: Invest Teacher | Q71: PT Teacher | R71: Assess Plan | S71: Perform Task | T71: Quick Check | U71: Exit Ticket | V71: Practice 2 | W71: Practice 3 | X71: Sum Assess | Y71: Bank
A72: 72 | B72: 5.2: Wave Interact | C72: Warm Up | D72: Demo | E72: Notes | F72: Investigation | G72: Activity | H72: Practice Set | I72: Extra Practice | J72: CYU | K72: Progress | L72: Review | N72: Notes Teacher | O72: Demo Teacher | P72: Invest Teacher | Q72: PT Teacher | R72: Assess Plan | S72: Perform Task | T72: Quick Check | U72: Exit Ticket | V72: Practice 2 | W72: Practice 3 | X72: Sum Assess | Y72: Bank
A73: 73 | B73: 5.2: Wave Interact | C73: Warm Up | D73: Demo | E73: Notes | F73: Investigation | G73: Activity | H73: Practice Set | I73: Extra Practice | J73: CYU | K73: Progress | L73: Review | N73: Notes Teacher | O73: Demo Teacher | P73: Invest Teacher | Q73: PT Teacher | R73: Assess Plan | S73: Perform Task | T73: Quick Check | U73: Exit Ticket | V73: Practice 2 | W73: Practice 3 | X73: Sum Assess | Y73: Bank
A74: 74 | B74: 5.2: Wave Interact | C74: Warm Up | D74: Demo | E74: Notes | F74: Investigation | G74: Activity | H74: Practice Set | I74: Extra Practice | J74: CYU | K74: Progress | L74: Review | N74: Notes Teacher | O74: Demo Teacher | P74: Invest Teacher | Q74: PT Teacher | R74: Assess Plan | S74: Perform Task | T74: Quick Check | U74: Exit Ticket | V74: Practice 2 | W74: Practice 3 | X74: Sum Assess | Y74: Bank
A75: 75 | B75: 5.3: Sound | C75: Warm Up | D75: Demo | E75: Notes | F75: Investigation | G75: Activity | H75: Practice Set | I75: Extra Practice | J75: CYU | K75: Progress | L75: Review | N75: Notes Teacher | O75: Demo Teacher | P75: Invest Teacher | Q75: PT Teacher | R75: Assess Plan | S75: Perform Task | T75: Quick Check | U75: Exit Ticket | V75: Practice 2 | W75: Practice 3 | X75: Sum Assess | Y75: Bank
A76: 76 | B76: 5.3: Sound | C76: Warm Up | D76: Demo | E76: Notes | F76: Investigation | G76: Activity | H76: Practice Set | I76: Extra Practice | J76: CYU | K76: Progress | L76: Review | N76: Notes Teacher | O76: Demo Teacher | P76: Invest Teacher | Q76: PT Teacher | R76: Assess Plan | S76: Perform Task | T76: Quick Check | U76: Exit Ticket | V76: Practice 2 | W76: Practice 3 | X76: Sum Assess | Y76: Bank
A77: 77 | B77: 5.3: Sound | C77: Warm Up | D77: Demo | E77: Notes | F77: Investigation | G77: Activity | H77: Practice Set | I77: Extra Practice | J77: CYU | K77: Progress | L77: Review | N77: Notes Teacher | O77: Demo Teacher | P77: Invest Teacher | Q77: PT Teacher | R77: Assess Plan | S77: Perform Task | T77: Quick Check | U77: Exit Ticket | V77: Practice 2 | W77: Practice 3 | X77: Sum Assess | Y77: Bank
A78: 78 | B78: 5.4: Refl/Refr/Res | C78: Warm Up | D78: Demo | E78: Notes | F78: Investigation | G78: Activity | H78: Practice Set | I78: Extra Practice | J78: CYU | K78: Progress | L78: Review | N78: Notes Teacher | O78: Demo Teacher | P78: Invest Teacher | Q78: PT Teacher | R78: Assess Plan | S78: Perform Task | T78: Quick Check | U78: Exit Ticket | V78: Practice 2 | W78: Practice 3 | X78: Sum Assess | Y78: Bank
A79: 79 | B79: 5.4: Refl/Refr/Res | C79: Warm Up | D79: Demo | E79: Notes | F79: Investigation | G79: Activity | H79: Practice Set | I79: Extra Practice | J79: CYU | K79: Progress | L79: Review | N79: Notes Teacher | O79: Demo Teacher | P79: Invest Teacher | Q79: PT Teacher | R79: Assess Plan | S79: Perform Task | T79: Quick Check | U79: Exit Ticket | V79: Practice 2 | W79: Practice 3 | X79: Sum Assess | Y79: Bank
A80: 80 | B80: 5.4: Refl/Refr/Res | C80: Warm Up | D80: Demo | E80: Notes | F80: Investigation | G80: Activity | H80: Practice Set | I80: Extra Practice | J80: CYU | K80: Progress | L80: Review | N80: Notes Teacher | O80: Demo Teacher | P80: Invest Teacher | Q80: PT Teacher | R80: Assess Plan | S80: Perform Task | T80: Quick Check | U80: Exit Ticket | V80: Practice 2 | W80: Practice 3 | X80: Sum Assess | Y80: Bank
... A83: 83 | B83: 5.5: Beats & Interf | C83: Warm Up | D83: Demo | E83: Notes | F83: Investigation | G83: Activity | H83: Practice Set | I83: Extra Practice | J83: CYU | K83: Progress | L83: Review | N83: Notes Teacher | O83: Demo Teacher | P83: Invest Teacher | Q83: PT Teacher | R83: Assess Plan | S83: Perform Task | T83: Quick Check | U83: Exit Ticket | V83: Practice 2 | W83: Practice 3 | X83: Sum Assess | Y83: Bank
A84: 84 | B84: Unit 5 Sum Assess | N84: Sum Assess | O84: Bank | P84: Assess Plan
A85: 85 | B85: 6.1: Nature of Light | C85: Warm Up | D85: Demo | E85: Notes | F85: Investigation | G85: Activity | H85: Practice Set | I85: Extra Practice | J85: CYU | K85: Progress | L85: Review | N85: Notes Teacher | O85: Demo Teacher | P85: Invest Teacher | Q85: PT Teacher | R85: Assess Plan | S85: Perform Task | T85: Quick Check | U85: Exit Ticket | V85: Practice 2 | W85: Practice 3 | X85: Sum Assess | Y85: Bank
A86: 86 | B86: 6.1: Nature of Light | C86: Warm Up | D86: Demo | E86: Notes | F86: Investigation | G86: Activity | H86: Practice Set | I86: Extra Practice | J86: CYU | K86: Progress | L86: Review | N86: Notes Teacher | O86: Demo Teacher | P86: Invest Teacher | Q86: PT Teacher | R86: Assess Plan | S86: Perform Task | T86: Quick Check | U86: Exit Ticket | V86: Practice 2 | W86: Practice 3 | X86: Sum Assess | Y86: Bank
A87: 87 | B87: 6.1: Nature of Light | C87: Warm Up | D87: Demo | E87: Notes | F87: Investigation | G87: Activity | H87: Practice Set | I87: Extra Practice | J87: CYU | K87: Progress | L87: Review | N87: Notes Teacher | O87: Demo Teacher | P87: Invest Teacher | Q87: PT Teacher | R87: Assess Plan | S87: Perform Task | T87: Quick Check | U87: Exit Ticket | V87: Practice 2 | W87: Practice 3 | X87: Sum Assess | Y87: Bank
A88: 88 | B88: 6.2: Refl & Mirrors | C88: Warm Up | D88: Demo | E88: Notes | F88: Investigation | G88: Activity | H88: Practice Set | I88: Extra Practice | J88: CYU | K88: Progress | L88: Review | N88: Notes Teacher | O88: Demo Teacher | P88: Invest Teacher | Q88: PT Teacher | R88: Assess Plan | S88: Perform Task | T88: Quick Check | U88: Exit Ticket | V88: Practice 2 | W88: Practice 3 | X88: Sum Assess | Y88: Bank
A89: 89 | B89: 6.2: Refl & Mirrors | C89: Warm Up | D89: Demo | E89: Notes | F89: Investigation | G89: Activity | H89: Practice Set | I89: Extra Practice | J89: CYU | K89: Progress | L89: Review | N89: Notes Teacher | O89: Demo Teacher | P89: Invest Teacher | Q89: PT Teacher | R89: Assess Plan | S89: Perform Task | T89: Quick Check | U89: Exit Ticket | V89: Practice 2 | W89: Practice 3 | X89: Sum Assess | Y89: Bank
A90: 90 | B90: 6.2: Refl & Mirrors | C90: Warm Up | D90: Demo | E90: Notes | F90: Investigation | G90: Activity | H90: Practice Set | I90: Extra Practice | J90: CYU | K90: Progress | L90: Review | N90: Notes Teacher | O90: Demo Teacher | P90: Invest Teacher | Q90: PT Teacher | R90: Assess Plan | S90: Perform Task | T90: Quick Check | U90: Exit Ticket | V90: Practice 2 | W90: Practice 3 | X90: Sum Assess | Y90: Bank
A91: 91 | B91: 6.3: Refraction & TIR | C91: Warm Up | D91: Demo | E91: Notes | F91: Investigation | G91: Activity | H91: Practice Set | I91: Extra Practice | J91: CYU | K91: Progress | L91: Review | N91: Notes Teacher | O91: Demo Teacher | P91: Invest Teacher | Q91: PT Teacher | R91: Assess Plan | S91: Perform Task | T91: Quick Check | U91: Exit Ticket | V91: Practice 2 | W91: Practice 3 | X91: Sum Assess | Y91: Bank
A92: 92 | B92: 6.3: Refraction & TIR | C92: Warm Up | D92: Demo | E92: Notes | F92: Investigation | G92: Activity | H92: Practice Set | I92: Extra Practice | J92: CYU | K92: Progress | L92: Review | N92: Notes Teacher | O92: Demo Teacher | P92: Invest Teacher | Q92: PT Teacher | R92: Assess Plan | S92: Perform Task | T92: Quick Check | U92: Exit Ticket | V92: Practice 2 | W92: Practice 3 | X92: Sum Assess | Y92: Bank
A93: 93 | B93: 6.3: Refraction & TIR | C93: Warm Up | D93: Demo | E93: Notes | F93: Investigation | G93: Activity | H93: Practice Set | I93: Extra Practice | J93: CYU | K93: Progress | L93: Review | N93: Notes Teacher | O93: Demo Teacher | P93: Invest Teacher | Q93: PT Teacher | R93: Assess Plan | S93: Perform Task | T93: Quick Check | U93: Exit Ticket | V93: Practice 2 | W93: Practice 3 | X93: Sum Assess | Y93: Bank
A94: 94 | B94: 6.4: Lenses & Optics | C94: Warm Up | D94: Demo | E94: Notes | F94: Investigation | G94: Activity | H94: Practice Set | I94: Extra Practice | J94: CYU | K94: Progress | L94: Review | N94: Notes Teacher | O94: Demo Teacher | P94: Invest Teacher | Q94: PT Teacher | R94: Assess Plan | S94: Perform Task | T94: Quick Check | U94: Exit Ticket | V94: Practice 2 | W94: Practice 3 | X94: Sum Assess | Y94: Bank
A95: 95 | B95: 6.4: Lenses & Optics | C95: Warm Up | D95: Demo | E95: Notes | F95: Investigation | G95: Activity | H95: Practice Set | I95: Extra Practice | J95: CYU | K95: Progress | L95: Review | N95: Notes Teacher | O95: Demo Teacher | P95: Invest Teacher | Q95: PT Teacher | R95: Assess Plan | S95: Perform Task | T95: Quick Check | U95: Exit Ticket | V95: Practice 2 | W95: Practice 3 | X95: Sum Assess | Y95: Bank
A96: 96 | B96: 6.4: Lenses & Optics | C96: Warm Up | D96: Demo | E96: Notes | F96: Investigation | G96: Activity | H96: Practice Set | I96: Extra Practice | J96: CYU | K96: Progress | L96: Review | N96: Notes Teacher | O96: Demo Teacher | P96: Invest Teacher | Q96: PT Teacher | R96: Assess Plan | S96: Perform Task | T96: Quick Check | U96: Exit Ticket | V96: Practice 2 | W96: Practice 3 | X96: Sum Assess | Y96: Bank
... A99: 99 | B99: 6.5: Optical Apps | C99: Warm Up | D99: Demo | E99: Notes | F99: Investigation | G99: Activity | H99: Practice Set | I99: Extra Practice | J99: CYU | K99: Progress | L99: Review | N99: Notes Teacher | O99: Demo Teacher | P99: Invest Teacher | Q99: PT Teacher | R99: Assess Plan | S99: Perform Task | T99: Quick Check | U99: Exit Ticket | V99: Practice 2 | W99: Practice 3 | X99: Sum Assess | Y99: Bank
A100: 100 | B100: Unit 6 Sum Assess | N100: Sum Assess | O100: Bank | P100: Assess Plan
A101: 101 | B101: 7.1: Charge & Forces | C101: Warm Up | D101: Demo | E101: Notes | F101: Investigation | G101: Activity | H101: Practice Set | I101: Extra Practice | J101: CYU | K101: Progress | L101: Review | N101: Notes Teacher | O101: Demo Teacher | P101: Invest Teacher | Q101: PT Teacher | R101: Assess Plan | S101: Perform Task | T101: Quick Check | U101: Exit Ticket | V101: Practice 2 | W101: Practice 3 | X101: Sum Assess | Y101: Bank
A102: 102 | B102: 7.1: Charge & Forces | C102: Warm Up | D102: Demo | E102: Notes | F102: Investigation | G102: Activity | H102: Practice Set | I102: Extra Practice | J102: CYU | K102: Progress | L102: Review | N102: Notes Teacher | O102: Demo Teacher | P102: Invest Teacher | Q102: PT Teacher | R102: Assess Plan | S102: Perform Task | T102: Quick Check | U102: Exit Ticket | V102: Practice 2 | W102: Practice 3 | X102: Sum Assess | Y102: Bank
A103: 103 | B103: 7.1: Charge & Forces | C103: Warm Up | D103: Demo | E103: Notes | F103: Investigation | G103: Activity | H103: Practice Set | I103: Extra Practice | J103: CYU | K103: Progress | L103: Review | N103: Notes Teacher | O103: Demo Teacher | P103: Invest Teacher | Q103: PT Teacher | R103: Assess Plan | S103: Perform Task | T103: Quick Check | U103: Exit Ticket | V103: Practice 2 | W103: Practice 3 | X103: Sum Assess | Y103: Bank
A104: 104 | B104: 7.2: Voltage & Current | C104: Warm Up | D104: Demo | E104: Notes | F104: Investigation | G104: Activity | H104: Practice Set | I104: Extra Practice | J104: CYU | K104: Progress | L104: Review | N104: Notes Teacher | O104: Demo Teacher | P104: Invest Teacher | Q104: PT Teacher | R104: Assess Plan | S104: Perform Task | T104: Quick Check | U104: Exit Ticket | V104: Practice 2 | W104: Practice 3 | X104: Sum Assess | Y104: Bank
A105: 105 | B105: 7.2: Voltage & Current | C105: Warm Up | D105: Demo | E105: Notes | F105: Investigation | G105: Activity | H105: Practice Set | I105: Extra Practice | J105: CYU | K105: Progress | L105: Review | N105: Notes Teacher | O105: Demo Teacher | P105: Invest Teacher | Q105: PT Teacher | R105: Assess Plan | S105: Perform Task | T105: Quick Check | U105: Exit Ticket | V105: Practice 2 | W105: Practice 3 | X105: Sum Assess | Y105: Bank
A106: 106 | B106: 7.2: Voltage & Current | C106: Warm Up | D106: Demo | E106: Notes | F106: Investigation | G106: Activity | H106: Practice Set | I106: Extra Practice | J106: CYU | K106: Progress | L106: Review | N106: Notes Teacher | O106: Demo Teacher | P106: Invest Teacher | Q106: PT Teacher | R106: Assess Plan | S106: Perform Task | T106: Quick Check | U106: Exit Ticket | V106: Practice 2 | W106: Practice 3 | X106: Sum Assess | Y106: Bank
A107: 107 | B107: 7.3: R & Ohm's Law | C107: Warm Up | D107: Demo | E107: Notes | F107: Investigation | G107: Activity | H107: Practice Set | I107: Extra Practice | J107: CYU | K107: Progress | L107: Review | N107: Notes Teacher | O107: Demo Teacher | P107: Invest Teacher | Q107: PT Teacher | R107: Assess Plan | S107: Perform Task | T107: Quick Check | U107: Exit Ticket | V107: Practice 2 | W107: Practice 3 | X107: Sum Assess | Y107: Bank
A108: 108 | B108: 7.3: R & Ohm's Law | C108: Warm Up | D108: Demo | E108: Notes | F108: Investigation | G108: Activity | H108: Practice Set | I108: Extra Practice | J108: CYU | K108: Progress | L108: Review | N108: Notes Teacher | O108: Demo Teacher | P108: Invest Teacher | Q108: PT Teacher | R108: Assess Plan | S108: Perform Task | T108: Quick Check | U108: Exit Ticket | V108: Practice 2 | W108: Practice 3 | X108: Sum Assess | Y108: Bank
A109: 109 | B109: 7.3: R & Ohm's Law | C109: Warm Up | D109: Demo | E109: Notes | F109: Investigation | G109: Activity | H109: Practice Set | I109: Extra Practice | J109: CYU | K109: Progress | L109: Review | N109: Notes Teacher | O109: Demo Teacher | P109: Invest Teacher | Q109: PT Teacher | R109: Assess Plan | S109: Perform Task | T109: Quick Check | U109: Exit Ticket | V109: Practice 2 | W109: Practice 3 | X109: Sum Assess | Y109: Bank
A110: 110 | B110: 7.4: Power & Energy | C110: Warm Up | D110: Demo | E110: Notes | F110: Investigation | G110: Activity | H110: Practice Set | I110: Extra Practice | J110: CYU | K110: Progress | L110: Review | N110: Notes Teacher | O110: Demo Teacher | P110: Invest Teacher | Q110: PT Teacher | R110: Assess Plan | S110: Perform Task | T110: Quick Check | U110: Exit Ticket | V110: Practice 2 | W110: Practice 3 | X110: Sum Assess | Y110: Bank
A111: 111 | B111: 7.4: Power & Energy | C111: Warm Up | D111: Demo | E111: Notes | F111: Investigation | G111: Activity | H111: Practice Set | I111: Extra Practice | J111: CYU | K111: Progress | L111: Review | N111: Notes Teacher | O111: Demo Teacher | P111: Invest Teacher | Q111: PT Teacher | R111: Assess Plan | S111: Perform Task | T111: Quick Check | U111: Exit Ticket | V111: Practice 2 | W111: Practice 3 | X111: Sum Assess | Y111: Bank
A112: 112 | B112: 7.4: Power & Energy | C112: Warm Up | D112: Demo | E112: Notes | F112: Investigation | G112: Activity | H112: Practice Set | I112: Extra Practice | J112: CYU | K112: Progress | L112: Review | N112: Notes Teacher | O112: Demo Teacher | P112: Invest Teacher | Q112: PT Teacher | R112: Assess Plan | S112: Perform Task | T112: Quick Check | U112: Exit Ticket | V112: Practice 2 | W112: Practice 3 | X112: Sum Assess | Y112: Bank
...

Sheet Phy Resources
B1: Physics Student Resources
B3: Overview | D3: Textbook | F3: Formula Sheet | H3: Printables | J3: Desmos | L3: Canvas | N3: Upload Spot | P3: PhET | R3: oPhysics
B5: Walter F | D5: Falsted | F5: Lewin Videos | H5: Hewitt Videos
B9: Physics Teacher Resources
B11: Year at a Glance | D11: Activity Structures | F11: Welcomes | H11: Reflection | J11: St Marys Video Labs | L11: Rutgers Video Labs | N11: Aviary Labs | P11: Physics Classroom | R11: Physics Lessons
B13: Circuit Drawing Tool | D13: First 4 Days

Sheet Materials
A1: Lessons Unit 1 | C1: Items to Print | E1: Assorted Resources
A14: Lessons Unit 2 | C14: Items to Print | E14: Assorted Resources
A31: Lessons Unit 3 | C31: Items to Print | E31: Assorted Resources
A41: Lessons Unit 4 | C41: Items to Print | E41: Assorted Resources
A54: Lessons Unit 5 | C54: Items to Print | E54: Assorted Resources
A65: Lessons Unit 6 | C65: Items to Print | E65: Assorted Resources
A74: Lessons Unit 7 | C74: Items to Print | E74: Assorted Resources
A92: Lessons Unit 8 | C92: Items to Print | E92: Assorted Resources

Sheet Structures
B1: STTS CPM
B2: My Structures
A3: 1 | B3: Showdown — Each student solves independently, then the group reveals answers simultaneously and discusses any differences.
A4: 2 | B4: Rally Coach — Partners alternate roles as writer and coach, with the coach guiding without giving answers.
A5: 3 | B5: Traveling Salesman — A group solves a problem together, then one member travels to another group to present the solution.
A6: 4 | B6: Solution Relay — Each student writes a procedure individually before the group shares, refines, and then solves.
A7: 5 | B7: Numbered Heads Together — Groups solve collaboratively, but any member may be called on to explain, so everyone must understand.
A8: 6 | B8: Round Table — One whiteboard passes around the group, with each student contributing exactly one step before passing.
A9: 7 | B9: Tarsia Puzzle — Students match expressions or answers along puzzle edges until the pieces form a complete shape.
A10: 8 | B10: Find Someone Who — Students solve independently, then circulate to compare answers and work through unknowns with different partners.
A11: 9 | B11: Stations — Students rotate through 8 timed problem stations around the room, recording answers on a record sheet.
A12: 10 | B12: Whiteboard Partners — Partners share one whiteboard, alternate writing, and check each other's work throughout.
A13: 11 | B13: Blooket — Students answer vocabulary, conceptual, and calculation questions independently in a live digital game.
A14: 12 | B14: Claude Game — Same format as Blooket but with AI-generated questions built for the specific content being studied.
... A30: 28 | B30: Function Scavenger Hunt — Teams race to identify specific features (asymptotes, maxima, domain restrictions) on a complex graph.

Sheet Alg Resources
B1: Algebra Student Resources
B3: Overview | D3: Textbook | F3: Virtual Tools | H3: Printables | J3: Line Graphing Practice | L3: Desmos | N3: Geogebra | P3: Canvas | R3: Upload Spot
B5: Vernier | D5: Vernier Hints
B9: Algebra Teacher Resources
B11: Year at a Glance | D11: Activity Structures | F11: Welcomes | H11: Reflection | J11: Flipped Math

Sheet Calc Resources
B1: AP Calc Student Resources
B3: Overview | D3: AP Classroom | F3: AP Central | H3: Textbook | J3: Printables | L3: Desmos | N3: Geogebra | P3: Canvas | R3: Upload Spot
B5: When You See | D5: Cheat Sheet | F5: Note Cards | H5: Parent Functions | J5: Slope Fields | L5: Cross Sections | N5: Volumes of Revolution | P5: Calc in 20 Minutes | R5: Khan Academy
B7: FRQ Videos
B9: AP Calc Teacher Resources
B11: Year at a Glance | D11: Activity Structures | F11: Welcomes | H11: Reflection | J11: Flipped Math

Sheet Pacing Guide
C1: WK | D1: Monday | E1: Tuesday | F1: Wednesday | G1: Thursday | H1: Friday
A2: =B2+1 -> 21 | B2: =$C$2*10 -> 20 | C2: 2 | D2: =vlookup($A2,$A$14:$H$372,4) -> 45908 | E2: =vlookup($A2,$A$14:$H$372, 5) -> 45909 | F2: =vlookup($A2,$A$14:$H$372,6) -> 45910 | G2: =vlookup($A2,$A$14:$H$372,7) -> 45911 | H2: =vlookup($A2,$A$14:$H$372,8) -> 45912
A3: =B3+2 -> 22 | B3: =$C$2*10 -> 20 | D3: =vlookup($A3,$A$14:$H$372,4) -> 1.1: Think Physics | E3: =vlookup($A3,$A$14:$H$372, 5) -> 1.1: Think Physics | F3: =vlookup($A3,$A$14:$H$372,6) -> 1.2: Forces & N1L | G3: =vlookup($A3,$A$14:$H$372,7) -> 1.2: Forces & N1L | H3: =vlookup($A3,$A$14:$H$372,8) -> 1.2: Forces & N1L
A4: =B4+3 -> 23 | B4: =$C$2*10 -> 20 | D4: =vlookup($A4,$A$14:$H$372,4) -> Warm Up | E4: =vlookup($A4,$A$14:$H$372, 5) -> Warm Up | F4: =vlookup($A4,$A$14:$H$372,6) -> Warm Up | G4: =vlookup($A4,$A$14:$H$372,7) -> Warm Up | H4: =vlookup($A4,$A$14:$H$372,8) -> Warm Up
A5: =B5+4 -> 24 | B5: =$C$2*10 -> 20 | D5: =vlookup($A5,$A$14:$H$372,4) -> Demo | E5: =vlookup($A5,$A$14:$H$372, 5) -> Demo | F5: =vlookup($A5,$A$14:$H$372,6) -> Demo | G5: =vlookup($A5,$A$14:$H$372,7) -> Demo | H5: =vlookup($A5,$A$14:$H$372,8) -> Demo
A6: =B6+5 -> 25 | B6: =$C$2*10 -> 20 | D6: =vlookup($A6,$A$14:$H$372,4) -> Notes | E6: =vlookup($A6,$A$14:$H$372, 5) -> Notes | F6: =vlookup($A6,$A$14:$H$372,6) -> Notes | G6: =vlookup($A6,$A$14:$H$372,7) -> Notes | H6: =vlookup($A6,$A$14:$H$372,8) -> Notes
A7: =B7+6 -> 26 | B7: =$C$2*10 -> 20 | D7: =vlookup($A7,$A$14:$H$372,4) -> Investigation | E7: =vlookup($A7,$A$14:$H$372, 5) -> Investigation | F7: =vlookup($A7,$A$14:$H$372,6) -> Investigation | G7: =vlookup($A7,$A$14:$H$372,7) -> Investigation | H7: =vlookup($A7,$A$14:$H$372,8) -> Investigation
A8: =B8+7 -> 27 | B8: =$C$2*10 -> 20 | D8: =vlookup($A8,$A$14:$H$372,4) -> Activity | E8: =vlookup($A8,$A$14:$H$372, 5) -> Activity | F8: =vlookup($A8,$A$14:$H$372,6) -> Activity | G8: =vlookup($A8,$A$14:$H$372,7) -> Activity | H8: =vlookup($A8,$A$14:$H$372,8) -> Activity
A9: =B9+8 -> 28 | B9: =$C$2*10 -> 20 | D9: =vlookup($A9,$A$14:$H$372,4) -> Practice Set | E9: =vlookup($A9,$A$14:$H$372, 5) -> Practice Set | F9: =vlookup($A9,$A$14:$H$372,6) -> Practice Set | G9: =vlookup($A9,$A$14:$H$372,7) -> Practice Set | H9: =vlookup($A9,$A$14:$H$372,8) -> Practice Set
C10: Scroll Down for Previous Weeks | I10: 1 | J10: 2 | K10: 3 | L10: 4 | M10: 5
D11: Don't Change Weeks columns below. Hide these 3 rows at start of school.
D12: In order to update week Just change week number. Also don't edit week above. If you need to change lesson do it below.
D13: Enter Start Date Below
A14: =B14+1 -> 11 | B14: =$C$14*10 -> 10 | C14: 1 | D14: 45901 | E14: =D14+1 -> 45902 | F14: =E14+1 -> 45903 | G14: =F14+1 -> 45904 | H14: =G14+1 -> 45905 | I14: Change number above
A15: =B15+2 -> 12 | B15: =$C$14*10 -> 10 | D15: =if(isblank(I15),"",vlookup(I15,Pacing!$A$1:$H$213,2)) -> 0.1 Get Acquainted | E15: =if(isblank(J15),"",vlookup(J15,Pacing!$A$1:$H$213,2)) -> 0.1 Get Acquainted | F15: =if(isblank(K15),"",vlookup(K15,Pacing!$A$1:$H$213,2)) -> 0.1 Get Acquainted | G15: =if(isblank(L15),"",vlookup(L15,Pacing!$A$1:$H$213,2)) -> House Keeping | H15: =if(isblank(M15),"",vlookup(M15,Pacing!$A$1:$H$213,2)) -> 1.1: Think Physics | I15: =I10 -> 1 | J15: =J10 -> 2 | K15: =K10 -> 3 | L15: =L10 -> 4 | M15: =M10 -> 5
A16: =B16+3 -> 13 | B16: =$C$14*10 -> 10 | D16: =if(isblank(I16),"",vlookup(I16,Pacing!$A$1:$H$213,3)) -> Warm Up | E16: =if(isblank(J16),"",vlookup(J16,Pacing!$A$1:$H$213,3)) -> Warm Up | F16: =if(isblank(K16),"",vlookup(K16,Pacing!$A$1:$H$213,3)) -> Warm Up | G16: =if(isblank(L16),"",vlookup(L16,Pacing!$A$1:$H$213,3)) -> Warm Up | H16: =if(isblank(M16),"",vlookup(M16,Pacing!$A$1:$H$213,3)) -> Warm Up | I16: =I15 -> 1 | J16: =J15 -> 2 | K16: =K15 -> 3 | L16: =L15 -> 4 | M16: =M15 -> 5
A17: =B17+4 -> 14 | B17: =$C$14*10 -> 10 | D17: =if(isblank(I17),"",vlookup(I17,Pacing!$A$1:$H$213,4)) -> Notes | E17: =if(isblank(J17),"",vlookup(J17,Pacing!$A$1:$H$213,4)) -> Investigation | F17: =if(isblank(K17),"",vlookup(K17,Pacing!$A$1:$H$213,4)) -> Investigation | G17: =if(isblank(L17),"",vlookup(L17,Pacing!$A$1:$H$213,4)) -> Activity | H17: =if(isblank(M17),"",vlookup(M17,Pacing!$A$1:$H$213,4)) -> Demo | I17: =I16 -> 1 | J17: =J16 -> 2 | K17: =K16 -> 3 | L17: =L16 -> 4 | M17: =M16 -> 5
A18: =B18+5 -> 15 | B18: =$C$14*10 -> 10 | D18: =if(isblank(I18),"",vlookup(I18,Pacing!$A$1:$H$213,5)) -> Practice Set | E18: =if(isblank(J18),"",vlookup(J18,Pacing!$A$1:$H$213,5)) -> Practice Set | F18: =if(isblank(K18),"",vlookup(K18,Pacing!$A$1:$H$213,5)) -> Activity | G18: =if(isblank(L18),"",vlookup(L18,Pacing!$A$1:$H$213,5)) -> Return Portfolio | H18: =if(isblank(M18),"",vlookup(M18,Pacing!$A$1:$H$213,5)) -> Notes | I18: =I17 -> 1 | J18: =J17 -> 2 | K18: =K17 -> 3 | L18: =L17 -> 4 | M18: =M17 -> 5
A19: =B19+6 -> 16 | B19: =$C$14*10 -> 10 | D19: =if(isblank(I19),"",vlookup(I19,Pacing!$A$1:$H$213,6)) | E19: =if(isblank(J19),"",vlookup(J19,Pacing!$A$1:$H$213,6)) -> Extra Practice | F19: =if(isblank(K19),"",vlookup(K19,Pacing!$A$1:$H$213,6)) -> Practice Set | G19: =if(isblank(L19),"",vlookup(L19,Pacing!$A$1:$H$213,6)) -> Overview | H19: =if(isblank(M19),"",vlookup(M19,Pacing!$A$1:$H$213,6)) -> Investigation | I19: =I18 -> 1 | J19: =J18 -> 2 | K19: =K18 -> 3 | L19: =L18 -> 4 | M19: =M18 -> 5
A20: =B20+7 -> 17 | B20: =$C$14*10 -> 10 | D20: =if(isblank(I20),"",vlookup(I20,Pacing!$A$1:$H$213,7)) | E20: =if(isblank(J20),"",vlookup(J20,Pacing!$A$1:$H$213,7)) | F20: =if(isblank(K20),"",vlookup(K20,Pacing!$A$1:$H$213,7)) -> Extra Practice | G20: =if(isblank(L20),"",vlookup(L20,Pacing!$A$1:$H$213,7)) -> Survey | H20: =if(isblank(M20),"",vlookup(M20,Pacing!$A$1:$H$213,7)) -> Activity | I20: =I19 -> 1 | J20: =J19 -> 2 | K20: =K19 -> 3 | L20: =L19 -> 4 | M20: =M19 -> 5
A21: =B21+8 -> 18 | B21: =$C$14*10 -> 10 | D21: =if(isblank(I21),"",vlookup(I21,Pacing!$A$1:$H$213,8)) | E21: =if(isblank(J21),"",vlookup(J21,Pacing!$A$1:$H$213,8)) | F21: =if(isblank(K21),"",vlookup(K21,Pacing!$A$1:$H$213,8)) | G21: =if(isblank(L21),"",vlookup(L21,Pacing!$A$1:$H$213,8)) | H21: =if(isblank(M21),"",vlookup(M21,Pacing!$A$1:$H$213,8)) -> Practice Set | I21: =I20 -> 1 | J21: =J20 -> 2 | K21: =K20 -> 3 | L21: =L20 -> 4 | M21: =M20 -> 5
D22: Day 1 | E22: Day 2 | F22: Day 3 | G22: Day 4 | H22: Day 5 | I22: =M10+1 -> 6 | J22: =I22+1 -> 7 | K22: =J22+1 -> 8 | L22: =K22+1 -> 9 | M22: =L22+1 -> 10
A23: =B23+1 -> 21 | B23: =$C$23*10 -> 20 | C23: =C14+1 -> 2 | D23: =D14+7 -> 45908 | E23: =D23+1 -> 45909 | F23: =E23+1 -> 45910 | G23: =F23+1 -> 45911 | H23: =G23+1 -> 45912 | I23: Change number above
A24: =B24+2 -> 22 | B24: =$C$23*10 -> 20 | D24: =if(isblank(I24),"",vlookup(I24,Pacing!$A$1:$H$213,2)) -> 1.1: Think Physics | E24: =if(isblank(J24),"",vlookup(J24,Pacing!$A$1:$H$213,2)) -> 1.1: Think Physics | F24: =if(isblank(K24),"",vlookup(K24,Pacing!$A$1:$H$213,2)) -> 1.2: Forces & N1L | G24: =if(isblank(L24),"",vlookup(L24,Pacing!$A$1:$H$213,2)) -> 1.2: Forces & N1L | H24: =if(isblank(M24),"",vlookup(M24,Pacing!$A$1:$H$213,2)) -> 1.2: Forces & N1L | I24: =I22 -> 6 | J24: =J22 -> 7 | K24: =K22 -> 8 | L24: =L22 -> 9 | M24: =M22 -> 10
A25: =B25+3 -> 23 | B25: =$C$23*10 -> 20 | D25: =if(isblank(I25),"",vlookup(I25,Pacing!$A$1:$H$213,3)) -> Warm Up | E25: =if(isblank(J25),"",vlookup(J25,Pacing!$A$1:$H$213,3)) -> Warm Up | F25: =if(isblank(K25),"",vlookup(K25,Pacing!$A$1:$H$213,3)) -> Warm Up | G25: =if(isblank(L25),"",vlookup(L25,Pacing!$A$1:$H$213,3)) -> Warm Up | H25: =if(isblank(M25),"",vlookup(M25,Pacing!$A$1:$H$213,3)) -> Warm Up | I25: =I24 -> 6 | J25: =J24 -> 7 | K25: =K24 -> 8 | L25: =L24 -> 9 | M25: =M24 -> 10
A26: =B26+4 -> 24 | B26: =$C$23*10 -> 20 | D26: =if(isblank(I26),"",vlookup(I26,Pacing!$A$1:$H$213,4)) -> Demo | E26: =if(isblank(J26),"",vlookup(J26,Pacing!$A$1:$H$213,4)) -> Demo | F26: =if(isblank(K26),"",vlookup(K26,Pacing!$A$1:$H$213,4)) -> Demo | G26: =if(isblank(L26),"",vlookup(L26,Pacing!$A$1:$H$213,4)) -> Demo | H26: =if(isblank(M26),"",vlookup(M26,Pacing!$A$1:$H$213,4)) -> Demo | I26: =I25 -> 6 | J26: =J25 -> 7 | K26: =K25 -> 8 | L26: =L25 -> 9 | M26: =M25 -> 10
A27: =B27+5 -> 25 | B27: =$C$23*10 -> 20 | D27: =if(isblank(I27),"",vlookup(I27,Pacing!$A$1:$H$213,5)) -> Notes | E27: =if(isblank(J27),"",vlookup(J27,Pacing!$A$1:$H$213,5)) -> Notes | F27: =if(isblank(K27),"",vlookup(K27,Pacing!$A$1:$H$213,5)) -> Notes | G27: =if(isblank(L27),"",vlookup(L27,Pacing!$A$1:$H$213,5)) -> Notes | H27: =if(isblank(M27),"",vlookup(M27,Pacing!$A$1:$H$213,5)) -> Notes | I27: =I26 -> 6 | J27: =J26 -> 7 | K27: =K26 -> 8 | L27: =L26 -> 9 | M27: =M26 -> 10
A28: =B28+6 -> 26 | B28: =$C$23*10 -> 20 | D28: =if(isblank(I28),"",vlookup(I28,Pacing!$A$1:$H$213,6)) -> Investigation | E28: =if(isblank(J28),"",vlookup(J28,Pacing!$A$1:$H$213,6)) -> Investigation | F28: =if(isblank(K28),"",vlookup(K28,Pacing!$A$1:$H$213,6)) -> Investigation | G28: =if(isblank(L28),"",vlookup(L28,Pacing!$A$1:$H$213,6)) -> Investigation | H28: =if(isblank(M28),"",vlookup(M28,Pacing!$A$1:$H$213,6)) -> Investigation | I28: =I27 -> 6 | J28: =J27 -> 7 | K28: =K27 -> 8 | L28: =L27 -> 9 | M28: =M27 -> 10
A29: =B29+7 -> 27 | B29: =$C$23*10 -> 20 | D29: =if(isblank(I29),"",vlookup(I29,Pacing!$A$1:$H$213,7)) -> Activity | E29: =if(isblank(J29),"",vlookup(J29,Pacing!$A$1:$H$213,7)) -> Activity | F29: =if(isblank(K29),"",vlookup(K29,Pacing!$A$1:$H$213,7)) -> Activity | G29: =if(isblank(L29),"",vlookup(L29,Pacing!$A$1:$H$213,7)) -> Activity | H29: =if(isblank(M29),"",vlookup(M29,Pacing!$A$1:$H$213,7)) -> Activity | I29: =I28 -> 6 | J29: =J28 -> 7 | K29: =K28 -> 8 | L29: =L28 -> 9 | M29: =M28 -> 10
A30: =B30+8 -> 28 | B30: =$C$23*10 -> 20 | D30: =if(isblank(I30),"",vlookup(I30,Pacing!$A$1:$H$213,8)) -> Practice Set | E30: =if(isblank(J30),"",vlookup(J30,Pacing!$A$1:$H$213,8)) -> Practice Set | F30: =if(isblank(K30),"",vlookup(K30,Pacing!$A$1:$H$213,8)) -> Practice Set | G30: =if(isblank(L30),"",vlookup(L30,Pacing!$A$1:$H$213,8)) -> Practice Set | H30: =if(isblank(M30),"",vlookup(M30,Pacing!$A$1:$H$213,8)) -> Practice Set | I30: =I29 -> 6 | J30: =J29 -> 7 | K30: =K29 -> 8 | L30: =L29 -> 9 | M30: =M29 -> 10
D31: Day 6 | E31: Day 7 | F31: Day 8 | G31: Day 9 | H31: Day 10 | I31: =M22+1 -> 11 | J31: =I31+1 -> 12 | K31: =J31+1 -> 13 | L31: =K31+1 -> 14 | M31: =L31+1 -> 15
A32: =B32+1 -> 31 | B32: =C$32*10 -> 30 | C32: =C23+1 -> 3 | D32: =D23+7 -> 45915 | E32: =D32+1 -> 45916 | F32: =E32+1 -> 45917 | G32: =F32+1 -> 45918 | H32: =G32+1 -> 45919 | I32: Change number above
A33: =B33+2 -> 32 | B33: =C$32*10 -> 30 | D33: =if(isblank(I33),"",vlookup(I33,Pacing!$A$1:$H$213,2)) -> 1.3: Net Force & Vec | E33: =if(isblank(J33),"",vlookup(J33,Pacing!$A$1:$H$213,2)) -> 1.3: Net Force & Vec | F33: =if(isblank(K33),"",vlookup(K33,Pacing!$A$1:$H$213,2)) -> 1.3: Net Force & Vec | G33: =if(isblank(L33),"",vlookup(L33,Pacing!$A$1:$H$213,2)) -> 1.4: Equilibrium | H33: =if(isblank(M33),"",vlookup(M33,Pacing!$A$1:$H$213,2)) -> 1.4: Equilibrium | I33: =I31 -> 11 | J33: =J31 -> 12 | K33: =K31 -> 13 | L33: =L31 -> 14 | M33: =M31 -> 15
A34: =B34+3 -> 33 | B34: =C$32*10 -> 30 | D34: =if(isblank(I34),"",vlookup(I34,Pacing!$A$1:$H$213,3)) -> Warm Up | E34: =if(isblank(J34),"",vlookup(J34,Pacing!$A$1:$H$213,3)) -> Warm Up | F34: =if(isblank(K34),"",vlookup(K34,Pacing!$A$1:$H$213,3)) -> Warm Up | G34: =if(isblank(L34),"",vlookup(L34,Pacing!$A$1:$H$213,3)) -> Warm Up | H34: =if(isblank(M34),"",vlookup(M34,Pacing!$A$1:$H$213,3)) -> Warm Up | I34: =I33 -> 11 | J34: =J33 -> 12 | K34: =K33 -> 13 | L34: =L33 -> 14 | M34: =M33 -> 15
A35: =B35+4 -> 34 | B35: =C$32*10 -> 30 | D35: =if(isblank(I35),"",vlookup(I35,Pacing!$A$1:$H$213,4)) -> Demo | E35: =if(isblank(J35),"",vlookup(J35,Pacing!$A$1:$H$213,4)) -> Demo | F35: =if(isblank(K35),"",vlookup(K35,Pacing!$A$1:$H$213,4)) -> Demo | G35: =if(isblank(L35),"",vlookup(L35,Pacing!$A$1:$H$213,4)) -> Demo | H35: =if(isblank(M35),"",vlookup(M35,Pacing!$A$1:$H$213,4)) -> Demo | I35: =I34 -> 11 | J35: =J34 -> 12 | K35: =K34 -> 13 | L35: =L34 -> 14 | M35: =M34 -> 15
A36: =B36+5 -> 35 | B36: =C$32*10 -> 30 | D36: =if(isblank(I36),"",vlookup(I36,Pacing!$A$1:$H$213,5)) -> Notes | E36: =if(isblank(J36),"",vlookup(J36,Pacing!$A$1:$H$213,5)) -> Notes | F36: =if(isblank(K36),"",vlookup(K36,Pacing!$A$1:$H$213,5)) -> Notes | G36: =if(isblank(L36),"",vlookup(L36,Pacing!$A$1:$H$213,5)) -> Notes | H36: =if(isblank(M36),"",vlookup(M36,Pacing!$A$1:$H$213,5)) -> Notes | I36: =I35 -> 11 | J36: =J35 -> 12 | K36: =K35 -> 13 | L36: =L35 -> 14 | M36: =M35 -> 15
A37: =B37+6 -> 36 | B37: =C$32*10 -> 30 | D37: =if(isblank(I37),"",vlookup(I37,Pacing!$A$1:$H$213,6)) -> Investigation | E37: =if(isblank(J37),"",vlookup(J37,Pacing!$A$1:$H$213,6)) -> Investigation | F37: =if(isblank(K37),"",vlookup(K37,Pacing!$A$1:$H$213,6)) -> Investigation | G37: =if(isblank(L37),"",vlookup(L37,Pacing!$A$1:$H$213,6)) -> Investigation | H37: =if(isblank(M37),"",vlookup(M37,Pacing!$A$1:$H$213,6)) -> Investigation | I37: =I36 -> 11 | J37: =J36 -> 12 | K37: =K36 -> 13 | L37: =L36 -> 14 | M37: =M36 -> 15
A38: =B38+7 -> 37 | B38: =C$32*10 -> 30 | D38: =if(isblank(I38),"",vlookup(I38,Pacing!$A$1:$H$213,7)) -> Activity | E38: =if(isblank(J38),"",vlookup(J38,Pacing!$A$1:$H$213,7)) -> Activity | F38: =if(isblank(K38),"",vlookup(K38,Pacing!$A$1:$H$213,7)) -> Activity | G38: =if(isblank(L38),"",vlookup(L38,Pacing!$A$1:$H$213,7)) -> Activity | H38: =if(isblank(M38),"",vlookup(M38,Pacing!$A$1:$H$213,7)) -> Activity | I38: =I37 -> 11 | J38: =J37 -> 12 | K38: =K37 -> 13 | L38: =L37 -> 14 | M38: =M37 -> 15
A39: =B39+8 -> 38 | B39: =C$32*10 -> 30 | D39: =if(isblank(I39),"",vlookup(I39,Pacing!$A$1:$H$213,8)) -> Practice Set | E39: =if(isblank(J39),"",vlookup(J39,Pacing!$A$1:$H$213,8)) -> Practice Set | F39: =if(isblank(K39),"",vlookup(K39,Pacing!$A$1:$H$213,8)) -> Practice Set | G39: =if(isblank(L39),"",vlookup(L39,Pacing!$A$1:$H$213,8)) -> Practice Set | H39: =if(isblank(M39),"",vlookup(M39,Pacing!$A$1:$H$213,8)) -> Practice Set | I39: =I38 -> 11 | J39: =J38 -> 12 | K39: =K38 -> 13 | L39: =L38 -> 14 | M39: =M38 -> 15
D40: Day 11 | E40: Day 12 | F40: Day 13 | G40: Day 14 | H40: Day 15 | I40: =M31+1 -> 16 | J40: =I40+1 -> 17 | K40: =J40+1 -> 18 | L40: =K40+1 -> 19 | M40: =L40+1 -> 20
A41: =B41+1 -> 41 | B41: =C$41*10 -> 40 | C41: =C32+1 -> 4 | D41: =D32+7 -> 45922 | E41: =D41+1 -> 45923 | F41: =E41+1 -> 45924 | G41: =F41+1 -> 45925 | H41: =G41+1 -> 45926 | I41: Change number above
A42: =B42+2 -> 42 | B42: =C$41*10 -> 40 | D42: =if(isblank(I42),"",vlookup(I42,Pacing!$A$1:$H$213,2)) -> 1.4: Equilibrium | E42: =if(isblank(J42),"",vlookup(J42,Pacing!$A$1:$H$213,2)) -> 1.5: Force Models | F42: =if(isblank(K42),"",vlookup(K42,Pacing!$A$1:$H$213,2)) -> 1.5: Force Models | G42: =if(isblank(L42),"",vlookup(L42,Pacing!$A$1:$H$213,2)) -> 1.5: Force Models | H42: =if(isblank(M42),"",vlookup(M42,Pacing!$A$1:$H$213,2)) -> Unit 1 Sum Assess | I42: =I40 -> 16 | J42: =J40 -> 17 | K42: =K40 -> 18 | L42: =L40 -> 19 | M42: =M40 -> 20
A43: =B43+3 -> 43 | B43: =C$41*10 -> 40 | D43: =if(isblank(I43),"",vlookup(I43,Pacing!$A$1:$H$213,3)) -> Warm Up | E43: =if(isblank(J43),"",vlookup(J43,Pacing!$A$1:$H$213,3)) -> Warm Up | F43: =if(isblank(K43),"",vlookup(K43,Pacing!$A$1:$H$213,3)) -> Warm Up | G43: =if(isblank(L43),"",vlookup(L43,Pacing!$A$1:$H$213,3)) -> Warm Up | H43: =if(isblank(M43),"",vlookup(M43,Pacing!$A$1:$H$213,3)) | I43: =I42 -> 16 | J43: =J42 -> 17 | K43: =K42 -> 18 | L43: =L42 -> 19 | M43: =M42 -> 20
A44: =B44+4 -> 44 | B44: =C$41*10 -> 40 | D44: =if(isblank(I44),"",vlookup(I44,Pacing!$A$1:$H$213,4)) -> Demo | E44: =if(isblank(J44),"",vlookup(J44,Pacing!$A$1:$H$213,4)) -> Demo | F44: =if(isblank(K44),"",vlookup(K44,Pacing!$A$1:$H$213,4)) -> Demo | G44: =if(isblank(L44),"",vlookup(L44,Pacing!$A$1:$H$213,4)) -> Demo | H44: =if(isblank(M44),"",vlookup(M44,Pacing!$A$1:$H$213,4)) | I44: =I43 -> 16 | J44: =J43 -> 17 | K44: =K43 -> 18 | L44: =L43 -> 19 | M44: =M43 -> 20
A45: =B45+5 -> 45 | B45: =C$41*10 -> 40 | D45: =if(isblank(I45),"",vlookup(I45,Pacing!$A$1:$H$213,5)) -> Notes | E45: =if(isblank(J45),"",vlookup(J45,Pacing!$A$1:$H$213,5)) -> Notes | F45: =if(isblank(K45),"",vlookup(K45,Pacing!$A$1:$H$213,5)) -> Notes | G45: =if(isblank(L45),"",vlookup(L45,Pacing!$A$1:$H$213,5)) -> Notes | H45: =if(isblank(M45),"",vlookup(M45,Pacing!$A$1:$H$213,5)) | I45: =I44 -> 16 | J45: =J44 -> 17 | K45: =K44 -> 18 | L45: =L44 -> 19 | M45: =M44 -> 20
A46: =B46+6 -> 46 | B46: =C$41*10 -> 40 | D46: =if(isblank(I46),"",vlookup(I46,Pacing!$A$1:$H$213,6)) -> Investigation | E46: =if(isblank(J46),"",vlookup(J46,Pacing!$A$1:$H$213,6)) -> Investigation | F46: =if(isblank(K46),"",vlookup(K46,Pacing!$A$1:$H$213,6)) -> Investigation | G46: =if(isblank(L46),"",vlookup(L46,Pacing!$A$1:$H$213,6)) -> Investigation | H46: =if(isblank(M46),"",vlookup(M46,Pacing!$A$1:$H$213,6)) | I46: =I45 -> 16 | J46: =J45 -> 17 | K46: =K45 -> 18 | L46: =L45 -> 19 | M46: =M45 -> 20
A47: =B47+7 -> 47 | B47: =C$41*10 -> 40 | D47: =if(isblank(I47),"",vlookup(I47,Pacing!$A$1:$H$213,7)) -> Activity | E47: =if(isblank(J47),"",vlookup(J47,Pacing!$A$1:$H$213,7)) -> Activity | F47: =if(isblank(K47),"",vlookup(K47,Pacing!$A$1:$H$213,7)) -> Activity | G47: =if(isblank(L47),"",vlookup(L47,Pacing!$A$1:$H$213,7)) -> Activity | H47: =if(isblank(M47),"",vlookup(M47,Pacing!$A$1:$H$213,7)) | I47: =I46 -> 16 | J47: =J46 -> 17 | K47: =K46 -> 18 | L47: =L46 -> 19 | M47: =M46 -> 20
A48: =B48+8 -> 48 | B48: =C$41*10 -> 40 | D48: =if(isblank(I48),"",vlookup(I48,Pacing!$A$1:$H$213,8)) -> Practice Set | E48: =if(isblank(J48),"",vlookup(J48,Pacing!$A$1:$H$213,8)) -> Practice Set | F48: =if(isblank(K48),"",vlookup(K48,Pacing!$A$1:$H$213,8)) -> Practice Set | G48: =if(isblank(L48),"",vlookup(L48,Pacing!$A$1:$H$213,8)) -> Practice Set | H48: =if(isblank(M48),"",vlookup(M48,Pacing!$A$1:$H$213,8)) | I48: =I47 -> 16 | J48: =J47 -> 17 | K48: =K47 -> 18 | L48: =L47 -> 19 | M48: =M47 -> 20
D49: Day 16 | E49: Day 17 | F49: Day 18 | G49: Day 19 | H49: Day 20 | I49: =M40+1 -> 21
A50: =B50+1 -> 51 | B50: =C$50*10 -> 50 | C50: =C41+1 -> 5 | D50: =D41+7 -> 45929 | E50: =D50+1 -> 45930 | F50: =E50+1 -> 45931 | G50: =F50+1 -> 45932 | H50: =G50+1 -> 45933 | I50: Change number above
A51: =B51+2 -> 52 | B51: =C$50*10 -> 50 | D51: =if(isblank(I51),"",vlookup(I51,Pacing!$A$1:$H$213,2)) -> 2.1: Motion & Ref | E51: =if(isblank(J51),"",vlookup(J51,Pacing!$A$1:$H$213,2)) | F51: =if(isblank(K51),"",vlookup(K51,Pacing!$A$1:$H$213,2)) | G51: =if(isblank(L51),"",vlookup(L51,Pacing!$A$1:$H$213,2)) | H51: =if(isblank(M51),"",vlookup(M51,Pacing!$A$1:$H$213,2)) | I51: =I49 -> 21 | J51: =J49 | K51: =K49 | L51: =L49 | M51: =M49
A52: =B52+3 -> 53 | B52: =C$50*10 -> 50 | D52: =if(isblank(I52),"",vlookup(I52,Pacing!$A$1:$H$213,3)) -> Warm Up | E52: =if(isblank(J52),"",vlookup(J52,Pacing!$A$1:$H$213,3)) | F52: =if(isblank(K52),"",vlookup(K52,Pacing!$A$1:$H$213,3)) | G52: =if(isblank(L52),"",vlookup(L52,Pacing!$A$1:$H$213,3)) | H52: =if(isblank(M52),"",vlookup(M52,Pacing!$A$1:$H$213,3)) | I52: =I51 -> 21 | J52: =J51 | K52: =K51 | L52: =L51 | M52: =M51
A53: =B53+4 -> 54 | B53: =C$50*10 -> 50 | D53: =if(isblank(I53),"",vlookup(I53,Pacing!$A$1:$H$213,4)) -> Demo | E53: =if(isblank(J53),"",vlookup(J53,Pacing!$A$1:$H$213,4)) | F53: =if(isblank(K53),"",vlookup(K53,Pacing!$A$1:$H$213,4)) | G53: =if(isblank(L53),"",vlookup(L53,Pacing!$A$1:$H$213,4)) | H53: =if(isblank(M53),"",vlookup(M53,Pacing!$A$1:$H$213,4)) | I53: =I52 -> 21 | J53: =J52 | K53: =K52 | L53: =L52 | M53: =M52
A54: =B54+5 -> 55 | B54: =C$50*10 -> 50 | D54: =if(isblank(I54),"",vlookup(I54,Pacing!$A$1:$H$213,5)) -> Notes | E54: =if(isblank(J54),"",vlookup(J54,Pacing!$A$1:$H$213,5)) | F54: =if(isblank(K54),"",vlookup(K54,Pacing!$A$1:$H$213,5)) | G54: =if(isblank(L54),"",vlookup(L54,Pacing!$A$1:$H$213,5)) | H54: =if(isblank(M54),"",vlookup(M54,Pacing!$A$1:$H$213,5)) | I54: =I53 -> 21 | J54: =J53 | K54: =K53 | L54: =L53 | M54: =M53
A55: =B55+6 -> 56 | B55: =C$50*10 -> 50 | D55: =if(isblank(I55),"",vlookup(I55,Pacing!$A$1:$H$213,6)) -> Investigation | E55: =if(isblank(J55),"",vlookup(J55,Pacing!$A$1:$H$213,6)) | F55: =if(isblank(K55),"",vlookup(K55,Pacing!$A$1:$H$213,6)) | G55: =if(isblank(L55),"",vlookup(L55,Pacing!$A$1:$H$213,6)) | H55: =if(isblank(M55),"",vlookup(M55,Pacing!$A$1:$H$213,6)) | I55: =I54 -> 21 | J55: =J54 | K55: =K54 | L55: =L54 | M55: =M54
A56: =B56+7 -> 57 | B56: =C$50*10 -> 50 | D56: =if(isblank(I56),"",vlookup(I56,Pacing!$A$1:$H$213,7)) -> Activity | E56: =if(isblank(J56),"",vlookup(J56,Pacing!$A$1:$H$213,7)) | F56: =if(isblank(K56),"",vlookup(K56,Pacing!$A$1:$H$213,7)) | G56: =if(isblank(L56),"",vlookup(L56,Pacing!$A$1:$H$213,7)) | H56: =if(isblank(M56),"",vlookup(M56,Pacing!$A$1:$H$213,7)) | I56: =I55 -> 21 | J56: =J55 | K56: =K55 | L56: =L55 | M56: =M55
A57: =B57+8 -> 58 | B57: =C$50*10 -> 50 | D57: =if(isblank(I57),"",vlookup(I57,Pacing!$A$1:$H$213,8)) -> Practice Set | E57: =if(isblank(J57),"",vlookup(J57,Pacing!$A$1:$H$213,8)) | F57: =if(isblank(K57),"",vlookup(K57,Pacing!$A$1:$H$213,8)) | G57: =if(isblank(L57),"",vlookup(L57,Pacing!$A$1:$H$213,8)) | H57: =if(isblank(M57),"",vlookup(M57,Pacing!$A$1:$H$213,8)) | I57: =I56 -> 21 | J57: =J56 | K57: =K56 | L57: =L56 | M57: =M56
D58: Day 1 | E58: Day 2 | F58: Day 3 | G58: Day 4 | H58: Day 5 | I58: 22 | J58: =I58+1 -> 23 | K58: =J58+1 -> 24 | L58: =K58+1 -> 25 | M58: =L58+1 -> 26
